Thème,Artiste,Titre,Lien YouTube (démarre à l'extrait joué),On garde,Commentaire / Remplacer par
Années 80,a-ha,Take On Me,https://www.youtube.com/watch?v=djV11Xbc914&t=51s,TRUE,
Années 80,a-ha,The Sun Always Shines on T.V.,https://www.youtube.com/watch?v=a3ir9HC9vYg&t=95s,TRUE,
Années 80,a-ha,Crying in the Rain,https://www.youtube.com/watch?v=h-WPexVEujg&t=48s,TRUE,
Années 80,Alphaville,Forever Young,https://www.youtube.com/watch?v=oNjQXmoxiQ8&t=65s,TRUE,
Années 80,Alphaville,Big In Japan,https://www.youtube.com/watch?v=tl6u2NASUzU&t=34s,TRUE,
Années 80,Alphaville,Sounds Like A Melody,https://www.youtube.com/watch?v=sUz2DK-ucWc&t=27s,TRUE,
Années 80,Billy Idol,Rebel Yell,https://www.youtube.com/watch?v=VdphvuyaV_I&t=26s,TRUE,
Années 80,Billy Idol,White Wedding,https://www.youtube.com/watch?v=AAZQaYKZMTI&t=68s,TRUE,
Années 80,Billy Idol,Dancing With Myself,https://www.youtube.com/watch?v=FG1NrQYXjLU&t=52s,TRUE,
Années 80,Blondie,Heart Of Glass,https://www.youtube.com/watch?v=WGU_4-5RaxU&t=23s,TRUE,
Années 80,Blondie,Call Me,https://www.youtube.com/watch?v=StKVS0eI85I&t=25s,TRUE,
Années 80,Blondie,The Tide Is High,https://www.youtube.com/watch?v=fAb8Q9X2xAc&t=21s,TRUE,
Années 80,Bon Jovi,Livin' On A Prayer,https://www.youtube.com/watch?v=lDK9QqIzhwk&t=68s,TRUE,
Années 80,Bon Jovi,You Give Love A Bad Name,https://www.youtube.com/watch?v=KrZHPOeOxQQ&t=10s,TRUE,
Années 80,Bon Jovi,Wanted Dead Or Alive,https://www.youtube.com/watch?v=SRvCvsRp5ho&t=75s,TRUE,
Années 80,Bonnie Tyler,Total Eclipse of the Heart,https://www.youtube.com/watch?v=lcOxhH8N3Bo&t=40s,TRUE,
Années 80,Bonnie Tyler,Holding Out For A Hero,https://www.youtube.com/watch?v=bWcASV2sey0&t=60s,TRUE,
Années 80,Bonnie Tyler,It's A Heartache,https://www.youtube.com/watch?v=bEOl38y8Nj8&t=18s,TRUE,
Années 80,Bruce Springsteen,Dancing In the Dark,https://www.youtube.com/watch?v=129kuDCQtHs&t=15s,TRUE,
Années 80,Bruce Springsteen,Born in the U.S.A.,https://www.youtube.com/watch?v=EPhWR4d3FJQ&t=28s,TRUE,
Années 80,Bruce Springsteen,I'm On Fire,https://www.youtube.com/watch?v=lrpXArn3hII&t=14s,TRUE,
Années 80,Bryan Adams,Summer Of 69,https://www.youtube.com/watch?v=9f06QZCVUHg&t=18s,TRUE,
Années 80,Bryan Adams,Heaven,https://www.youtube.com/watch?v=3eT464L1YRA&t=74s,TRUE,
Années 80,Bryan Adams,Run To You,https://www.youtube.com/watch?v=nCBASt507WA&t=30s,TRUE,
Années 80,Culture Club,Karma Chameleon,https://www.youtube.com/watch?v=JmcA9LIIXWw&t=48s,TRUE,
Années 80,Culture Club,Do You Really Want To Hurt Me,https://www.youtube.com/watch?v=2nXGPZaTKik&t=58s,TRUE,
Années 80,Culture Club,Time (Clock Of The Heart),https://www.youtube.com/watch?v=8tI1_KlO6xI&t=20s,TRUE,
Années 80,Cyndi Lauper,Girls Just Want To Have Fun,https://www.youtube.com/watch?v=PIb6AZdTr-A&t=44s,TRUE,
Années 80,Cyndi Lauper,Time After Time,https://www.youtube.com/watch?v=VdQY7BusJNU&t=64s,TRUE,
Années 80,Cyndi Lauper,True Colors,https://www.youtube.com/watch?v=LPn0KFlbqX8&t=70s,TRUE,
Années 80,David Bowie,Let's Dance,https://www.youtube.com/watch?v=VbD_kBJc_gI&t=40s,TRUE,
Années 80,David Bowie,Modern Love,https://www.youtube.com/watch?v=HivQqTtiHVw&t=22s,TRUE,
Années 80,David Bowie,China Girl,https://www.youtube.com/watch?v=_YC3sTbAPcU&t=32s,TRUE,
Années 80,Depeche Mode,Enjoy the Silence,https://www.youtube.com/watch?v=aGSKrC7dGcY&t=78s,TRUE,
Années 80,Depeche Mode,Personal Jesus,https://www.youtube.com/watch?v=u1xrNaTO1bI&t=50s,TRUE,
Années 80,Depeche Mode,Just Can't Get Enough,https://www.youtube.com/watch?v=_6FBfAQ-NDE&t=16s,TRUE,
Années 80,Dire Straits,Money For Nothing,https://www.youtube.com/watch?v=wTP2RUD_cL0&t=45s,TRUE,
Années 80,Dire Straits,Walk Of Life,https://www.youtube.com/watch?v=kd9TlGDZGkI&t=12s,TRUE,
Années 80,Dire Straits,Brothers In Arms,https://www.youtube.com/watch?v=jhdFe3evXpk&t=55s,TRUE,
Années 80,Duran Duran,Hungry like the Wolf,https://www.youtube.com/watch?v=oJL-lCzEXgI&t=47s,TRUE,
Années 80,Duran Duran,Rio,https://www.youtube.com/watch?v=nTizYn3-QN0&t=63s,TRUE,
Années 80,Duran Duran,The Reflex,https://www.youtube.com/watch?v=J5ebkj9x5Ko&t=70s,TRUE,
Années 80,"Earth, Wind & Fire",September,https://www.youtube.com/watch?v=Gs069dndIYk&t=14s,TRUE,
Années 80,"Earth, Wind & Fire",Let's Groove,https://www.youtube.com/watch?v=Lrle0x_DHBM&t=18s,TRUE,
Années 80,"Earth, Wind & Fire",Boogie Wonderland,https://www.youtube.com/watch?v=god7hAPv8f0&t=64s,TRUE,
Années 80,Europe,The Final Countdown,https://www.youtube.com/watch?v=9jK-NcRmVcw&t=12s,TRUE,
Années 80,Europe,Carrie,https://www.youtube.com/watch?v=KmWE9UBFwtY&t=58s,TRUE,
Années 80,Europe,Rock The Night,https://www.youtube.com/watch?v=ELtpTBf-pMU&t=52s,TRUE,
Années 80,Eurythmics,Sweet Dreams (Are Made Of This),https://www.youtube.com/watch?v=qeMFqkcPYcg&t=15s,TRUE,
Années 80,Eurythmics,Here Comes The Rain Again,https://www.youtube.com/watch?v=TzFnYcIqj6I&t=28s,TRUE,
Années 80,Eurythmics,There Must Be An Angel,https://www.youtube.com/watch?v=RCdneDxFRYQ&t=55s,TRUE,
Années 80,George Michael,Careless Whisper,https://www.youtube.com/watch?v=izGwDsrQ1eQ&t=12s,TRUE,
Années 80,George Michael,Faith,https://www.youtube.com/watch?v=6Cs3Pvmmv0E&t=28s,TRUE,
Années 80,George Michael,Freedom! '90,https://www.youtube.com/watch?v=diYAc7gB-0A&t=92s,TRUE,
Années 80,INXS,Never Tear Us Apart,https://www.youtube.com/watch?v=AIBv2GEnXlc&t=28s,TRUE,
Années 80,INXS,Need You Tonight,https://www.youtube.com/watch?v=w-rv2BQa2OU&t=20s,TRUE,
Années 80,INXS,New Sensation,https://www.youtube.com/watch?v=azfG5H-pCVg&t=18s,TRUE,
Années 80,Journey,Don't Stop Believin',https://www.youtube.com/watch?v=1k8craCGpgs&t=22s,TRUE,
Années 80,Journey,Separate Ways (Worlds Apart),https://www.youtube.com/watch?v=LatorN4P9aA&t=30s,TRUE,
Années 80,Journey,Any Way You Want It,https://www.youtube.com/watch?v=atxUuldUcfI&t=10s,TRUE,
Années 80,Kool & The Gang,Celebration,https://www.youtube.com/watch?v=3GwjfUFyY6M&t=30s,TRUE,
Années 80,Kool & The Gang,Get Down On It,https://www.youtube.com/watch?v=qchPLaiKocI&t=24s,TRUE,
Années 80,Kool & The Gang,Fresh,https://www.youtube.com/watch?v=sTJ1XwGDcA4&t=28s,TRUE,
Années 80,Lionel Richie,Hello,https://www.youtube.com/watch?v=mHONNcZbwDY&t=56s,TRUE,
Années 80,Lionel Richie,All Night Long (All Night),https://www.youtube.com/watch?v=nqAvFx3NxUM&t=62s,TRUE,
Années 80,Lionel Richie,Dancing On The Ceiling,https://www.youtube.com/watch?v=ovo6zwv6DX4&t=36s,TRUE,
Années 80,Madonna,Like A Prayer,https://www.youtube.com/watch?v=79fzeNUqQbQ&t=36s,TRUE,
Années 80,Madonna,Material Girl,https://www.youtube.com/watch?v=6p-lDYPR2P8&t=52s,TRUE,
Années 80,Madonna,La Isla Bonita,https://www.youtube.com/watch?v=zpzdgmqIHOQ&t=33s,TRUE,
Années 80,Men At Work,Down Under,https://www.youtube.com/watch?v=XfR9iY5y94s&t=44s,TRUE,
Années 80,Men At Work,Who Can It Be Now?,https://www.youtube.com/watch?v=SECVGN4Bsgg&t=16s,TRUE,
Années 80,Men At Work,Overkill,https://www.youtube.com/watch?v=RY7S6EgSlCI&t=26s,TRUE,
Années 80,Michael Jackson,Billie Jean,https://www.youtube.com/watch?v=Zi_XLOBDo_Y&t=29s,TRUE,
Années 80,Michael Jackson,Beat It,https://www.youtube.com/watch?v=oRdxUFDoQe0&t=67s,TRUE,
Années 80,Michael Jackson,Smooth Criminal,https://www.youtube.com/watch?v=sFvENQBc-F8&t=70s,TRUE,
Années 80,Modern Talking,"You're My Heart, You're My Soul",https://www.youtube.com/watch?v=4kHl4FoK1Ys&t=48s,TRUE,
Années 80,Modern Talking,Cheri Cheri Lady,https://www.youtube.com/watch?v=eNvUS-6PTbs&t=46s,TRUE,
Années 80,Modern Talking,Brother Louie,https://www.youtube.com/watch?v=Lp2qcCrdBLA&t=52s,TRUE,
Années 80,Pet Shop Boys,West End Girls,https://www.youtube.com/watch?v=p3j2NYZ8FKs&t=55s,TRUE,
Années 80,Pet Shop Boys,It's A Sin,https://www.youtube.com/watch?v=dRHetRTOD1Q&t=70s,TRUE,
Années 80,Pet Shop Boys,Always On My Mind,https://www.youtube.com/watch?v=bDMCwSP5nf0&t=26s,TRUE,
Années 80,Phil Collins,In The Air Tonight,https://www.youtube.com/watch?v=YkADj0TPrJA&t=40s,TRUE,
Années 80,Phil Collins,Another Day In Paradise,https://www.youtube.com/watch?v=Qt2mbGP6vFI&t=34s,TRUE,
Années 80,Phil Collins,Sussudio,https://www.youtube.com/watch?v=r0qBaBb1Y-U&t=18s,TRUE,
Années 80,Prince,Kiss,https://www.youtube.com/watch?v=H9tEvfIsDyo&t=22s,TRUE,
Années 80,Prince,When Doves Cry,https://www.youtube.com/watch?v=UG3VcCAlUgE&t=33s,TRUE,
Années 80,Prince,Raspberry Beret,https://www.youtube.com/watch?v=l7vRSu_wsNc&t=62s,TRUE,
Années 80,Rick Astley,Never Gonna Give You Up,https://www.youtube.com/watch?v=dQw4w9WgXcQ&t=43s,TRUE,
Années 80,Rick Astley,Together Forever,https://www.youtube.com/watch?v=yPYZpwSpKmA&t=47s,TRUE,
Années 80,Rick Astley,Whenever You Need Somebody,https://www.youtube.com/watch?v=BeyEGebJ1l4&t=25s,TRUE,
Années 80,Roxette,It Must Have Been Love,https://www.youtube.com/watch?v=k2C5TjS2sh4&t=55s,TRUE,
Années 80,Roxette,Listen To Your Heart,https://www.youtube.com/watch?v=yCC_b5WHLX0&t=78s,TRUE,
Années 80,Roxette,The Look,https://www.youtube.com/watch?v=LlVI7ZNiFlI&t=18s,TRUE,
Années 80,Simple Minds,Don't You (Forget About Me),https://www.youtube.com/watch?v=CdqoNKCCt7A&t=30s,TRUE,
Années 80,Simple Minds,Alive And Kicking,https://www.youtube.com/watch?v=ljIQo1OHkTI&t=57s,TRUE,
Années 80,Simple Minds,Belfast Child,https://www.youtube.com/watch?v=7vhhTvcLoRw&t=96s,TRUE,
Années 80,Survivor,Eye Of The Tiger,https://www.youtube.com/watch?v=btPJPFnesV4&t=25s,TRUE,
Années 80,Survivor,Burning Heart,https://www.youtube.com/watch?v=Kc71KZG87X4&t=68s,TRUE,
Années 80,Survivor,The Search Is Over,https://www.youtube.com/watch?v=xELTfJ-ZVBc&t=78s,TRUE,
Années 80,Tears For Fears,Everybody Wants To Rule The World,https://www.youtube.com/watch?v=aGCdLKXNF3w&t=25s,TRUE,
Années 80,Tears For Fears,Shout,https://www.youtube.com/watch?v=Ye7FKc1JQe4&t=28s,TRUE,
Années 80,Tears For Fears,Head Over Heels,https://www.youtube.com/watch?v=CsHiG-43Fzg&t=26s,TRUE,
Années 80,The Bangles,Walk Like an Egyptian,https://www.youtube.com/watch?v=Cv6tuzHUuuk&t=18s,TRUE,
Années 80,The Bangles,Eternal Flame,https://www.youtube.com/watch?v=PSoOFn3wQV4&t=10s,TRUE,
Années 80,The Bangles,Manic Monday,https://www.youtube.com/watch?v=SsmVgoXDq2w&t=14s,TRUE,
Années 80,The Cure,Boys Don't Cry,https://www.youtube.com/watch?v=9GkVhgIeGJQ&t=42s,TRUE,
Années 80,The Cure,Friday I'm In Love,https://www.youtube.com/watch?v=mGgMZpGYiy8&t=48s,TRUE,
Années 80,The Cure,Just Like Heaven,https://www.youtube.com/watch?v=n3nPiBai66M&t=33s,TRUE,
Années 80,The Police,Every Breath You Take,https://www.youtube.com/watch?v=OMOGaugKpzs&t=15s,TRUE,
Années 80,The Police,Roxanne,https://www.youtube.com/watch?v=3T1c7GkzRQQ&t=16s,TRUE,
Années 80,The Police,Message In A Bottle,https://www.youtube.com/watch?v=MbXWrmQW-OE&t=26s,TRUE,
Années 80,Tina Turner,What's Love Got To Do With It,https://www.youtube.com/watch?v=oGpFcHTxjZs&t=54s,TRUE,
Années 80,Tina Turner,The Best,https://www.youtube.com/watch?v=GC5E8ie2pdM&t=50s,TRUE,
Années 80,Tina Turner,Private Dancer,https://www.youtube.com/watch?v=d4QnalIHlVc&t=40s,TRUE,
Années 80,Toto,Africa,https://www.youtube.com/watch?v=FTQbiNvZqaY&t=88s,TRUE,
Années 80,Toto,Hold The Line,https://www.youtube.com/watch?v=htgr3pvBr-I&t=55s,TRUE,
Années 80,Toto,Rosanna,https://www.youtube.com/watch?v=qmOLtTGvsbM&t=60s,TRUE,
Années 80,U2,With Or Without You,https://www.youtube.com/watch?v=ujNeHIo7oTE&t=52s,TRUE,
Années 80,U2,I Still Haven't Found What I'm Looking For,https://www.youtube.com/watch?v=e3-5YC_oHjE&t=30s,TRUE,
Années 80,U2,Where The Streets Have No Name,https://www.youtube.com/watch?v=GzZWSrr5wFI&t=112s,TRUE,
Années 80,Van Halen,Jump,https://www.youtube.com/watch?v=SwYN7mTi6HM&t=12s,TRUE,
Années 80,Van Halen,Panama,https://www.youtube.com/watch?v=fuKDBPw8wQA&t=22s,TRUE,
Années 80,Van Halen,Hot For Teacher,https://www.youtube.com/watch?v=6M4_Ommfvv0&t=48s,TRUE,
Années 80,Wham!,Last Christmas,https://www.youtube.com/watch?v=E8gmARGvPlI&t=25s,TRUE,
Années 80,Wham!,Wake Me Up Before You Go-Go,https://www.youtube.com/watch?v=pIgZ7gMze7A&t=20s,TRUE,
Années 80,Wham!,Club Tropicana,https://www.youtube.com/watch?v=WYX0sjP6Za8&t=32s,TRUE,
Années 80,Whitney Houston,I Wanna Dance With Somebody (Who Loves Me),https://www.youtube.com/watch?v=eH3giaIzONA&t=58s,TRUE,
Années 80,Whitney Houston,Greatest Love Of All,https://www.youtube.com/watch?v=IYzlVDlE72w&t=18s,TRUE,
Années 80,Whitney Houston,One Moment In Time,https://www.youtube.com/watch?v=96aAx0kxVSA&t=66s,TRUE,
Années 80,ZZ Top,Sharp Dressed Man,https://www.youtube.com/watch?v=7wRHBLwpASw&t=24s,TRUE,
Années 80,ZZ Top,Gimme All Your Lovin',https://www.youtube.com/watch?v=Ae829mFAGGE&t=30s,TRUE,
Années 80,ZZ Top,Legs,https://www.youtube.com/watch?v=eUDcTLaWJuo&t=32s,TRUE,
Musiques de films,A Star Is Born,Shallow,https://www.youtube.com/watch?v=bo_efYhYU2A&t=63s,TRUE,
Musiques de films,A Star Is Born,Always Remember Us This Way,https://www.youtube.com/watch?v=5vheNbQlsyU&t=58s,TRUE,
Musiques de films,A Star Is Born,I'll Never Love Again,https://www.youtube.com/watch?v=52nfjRzIaj8&t=60s,TRUE,
Musiques de films,Aladdin,A Whole New World,https://www.youtube.com/watch?v=eitDnP0_83k&t=25s,TRUE,
Musiques de films,Aladdin,Friend Like Me,https://www.youtube.com/watch?v=1at7kKzBYxI&t=20s,TRUE,
Musiques de films,Aladdin,Speechless,https://www.youtube.com/watch?v=mw5VIEIvuMI&t=72s,TRUE,
Musiques de films,Barbie,Dance The Night,https://www.youtube.com/watch?v=OiC1rgCPmUQ&t=50s,TRUE,
Musiques de films,Barbie,I'm Just Ken,https://www.youtube.com/watch?v=ru1LC9lW20Q&t=30s,TRUE,
Musiques de films,Barbie,What Was I Made For?,https://www.youtube.com/watch?v=ML0zd8UAuq8&t=35s,TRUE,
Musiques de films,Black Panther,All The Stars,https://www.youtube.com/watch?v=JQbjS0_ZfJ0&t=22s,TRUE,
Musiques de films,Black Panther,Pray For Me,https://www.youtube.com/watch?v=XR7Ev14vUh8&t=25s,TRUE,
Musiques de films,Black Panther,King's Dead,https://www.youtube.com/watch?v=VwAnsAUYnw4&t=40s,TRUE,
Musiques de films,Bodyguard,I Will Always Love You,https://www.youtube.com/watch?v=3JWTaaS7LdU&t=112s,TRUE,
Musiques de films,Bodyguard,I'm Every Woman,https://www.youtube.com/watch?v=H7_sqdkaAfo&t=22s,TRUE,
Musiques de films,Bodyguard,Run To You,https://www.youtube.com/watch?v=h9rCobRl-ng&t=62s,TRUE,
Musiques de films,Coco,Un Poco Loco,https://www.youtube.com/watch?v=yg8116aeD7E&t=18s,TRUE,
Musiques de films,Coco,Remember Me,https://www.youtube.com/watch?v=E7VPdpEV1m0&t=20s,TRUE,
Musiques de films,Coco,Proud Corazón,https://www.youtube.com/watch?v=sLkDCF_EbqI&t=14s,TRUE,
Musiques de films,Descendants,Rotten to the Core,https://www.youtube.com/watch?v=zGlLe1w3DJM&t=25s,TRUE,
Musiques de films,Descendants,Ways to Be Wicked,https://www.youtube.com/watch?v=lX6g_cm2rM4&t=30s,TRUE,
Musiques de films,Descendants,Queen of Mean,https://www.youtube.com/watch?v=r9o1QS-itsU&t=52s,TRUE,
Musiques de films,Dirty Dancing,(I've Had) The Time Of My Life,https://www.youtube.com/watch?v=4BQLE_RrTSU&t=18s,TRUE,
Musiques de films,Dirty Dancing,Hungry Eyes,https://www.youtube.com/watch?v=2ssCL292DQA&t=25s,TRUE,
Musiques de films,Dirty Dancing,She's Like The Wind,https://www.youtube.com/watch?v=lU9p1WRfA9w&t=34s,TRUE,
Musiques de films,Encanto,We Don't Talk About Bruno,https://www.youtube.com/watch?v=bvWRMAU6V-c&t=22s,TRUE,
Musiques de films,Encanto,Surface Pressure,https://www.youtube.com/watch?v=tQwVKr8rCYw&t=47s,TRUE,
Musiques de films,Encanto,The Family Madrigal,https://www.youtube.com/watch?v=Yp5nPGWWMh4&t=15s,TRUE,
Musiques de films,Fast & Furious,See You Again,https://www.youtube.com/watch?v=RgKAFK5djSk&t=47s,TRUE,
Musiques de films,Fast & Furious,Go Hard or Go Home,https://www.youtube.com/watch?v=D_VRSFpUcp0&t=30s,TRUE,
Musiques de films,Fast & Furious,Get Low,https://www.youtube.com/watch?v=5x4Lwdkxu0c&t=42s,TRUE,
Musiques de films,Fifty Shades,Love Me Like You Do,https://www.youtube.com/watch?v=AJtDXIazrMo&t=58s,TRUE,
Musiques de films,Fifty Shades,Earned It,https://www.youtube.com/watch?v=waU75jdUnYw&t=30s,TRUE,
Musiques de films,Fifty Shades,For You,https://www.youtube.com/watch?v=RQUuqbzQVsY&t=57s,TRUE,
Musiques de films,Footloose,Footloose,https://www.youtube.com/watch?v=ltrMfT4Qz5Y&t=11s,TRUE,
Musiques de films,Footloose,Holding Out For A Hero,https://www.youtube.com/watch?v=bWcASV2sey0&t=72s,TRUE,
Musiques de films,Footloose,Let's Hear It for the Boy,https://www.youtube.com/watch?v=gI7YHZVc7mM&t=17s,TRUE,
Musiques de films,Grease,You're The One That I Want,https://www.youtube.com/watch?v=e__Pp4FxsjU&t=9s,TRUE,
Musiques de films,Grease,Summer Nights,https://www.youtube.com/watch?v=A_J2bcNx3Gw&t=13s,TRUE,
Musiques de films,Grease,Hopelessly Devoted To You,https://www.youtube.com/watch?v=r-3NvDp28U4&t=23s,TRUE,
Musiques de films,High School Musical,We're All In This Together,https://www.youtube.com/watch?v=DykVJl6wr_4&t=25s,TRUE,
Musiques de films,High School Musical,Breaking Free,https://www.youtube.com/watch?v=0qj67KE5VXI&t=68s,TRUE,
Musiques de films,High School Musical,Start of Something New,https://www.youtube.com/watch?v=zBG-sEGlULs&t=30s,TRUE,
Musiques de films,Hunger Games,Safe & Sound,https://www.youtube.com/watch?v=RzhAS_GnJIc&t=30s,TRUE,
Musiques de films,Hunger Games,Yellow Flicker Beat,https://www.youtube.com/watch?v=3PdILZ_1P74&t=55s,TRUE,
Musiques de films,Hunger Games,Atlas,https://www.youtube.com/watch?v=Lh3TokLzzmw&t=45s,TRUE,
Musiques de films,James Bond,Skyfall,https://www.youtube.com/watch?v=DeumyOzKqgI&t=62s,TRUE,
Musiques de films,James Bond,Writing's On The Wall,https://www.youtube.com/watch?v=8jzDnsjYv9A&t=75s,TRUE,
Musiques de films,James Bond,No Time To Die,https://www.youtube.com/watch?v=BboMpayJomw&t=68s,TRUE,
Musiques de films,La Belle et la Bête,Beauty and the Beast,https://www.youtube.com/watch?v=axySrE0Kg6k&t=34s,TRUE,
Musiques de films,La Belle et la Bête,Belle,https://www.youtube.com/watch?v=egQbaDRMxGI&t=12s,TRUE,
Musiques de films,La Belle et la Bête,Gaston,https://www.youtube.com/watch?v=F16O5OAK2K8&t=40s,TRUE,
Musiques de films,La Petite Sirène,Under the Sea,https://www.youtube.com/watch?v=GC_mV1IpjWA&t=27s,TRUE,
Musiques de films,La Petite Sirène,Part of Your World,https://www.youtube.com/watch?v=SXKlJuO07eM&t=30s,TRUE,
Musiques de films,La Petite Sirène,Poor Unfortunate Souls,https://www.youtube.com/watch?v=YxrTRc0P_xs&t=35s,TRUE,
Musiques de films,La Reine des Neiges,Let It Go,https://www.youtube.com/watch?v=YVVTZgwYwVo&t=57s,TRUE,
Musiques de films,La Reine des Neiges,Do You Want to Build a Snowman?,https://www.youtube.com/watch?v=TeQ_TTyLGMs&t=10s,TRUE,
Musiques de films,La Reine des Neiges,Love Is an Open Door,https://www.youtube.com/watch?v=kQDw88hEr2c&t=16s,TRUE,
Musiques de films,Le Fantôme de l'Opéra,The Phantom of the Opera,https://www.youtube.com/watch?v=pgz6PnHkmpY&t=25s,TRUE,
Musiques de films,Le Fantôme de l'Opéra,The Music of the Night,https://www.youtube.com/watch?v=77umP7IRxD4&t=35s,TRUE,
Musiques de films,Le Fantôme de l'Opéra,The Point of No Return,https://www.youtube.com/watch?v=AyyCz9z1s_M&t=30s,TRUE,
Musiques de films,Le Roi Lion,Circle of Life,https://www.youtube.com/watch?v=GibiNy4d4gc&t=12s,TRUE,
Musiques de films,Le Roi Lion,Hakuna Matata,https://www.youtube.com/watch?v=0MxulhivCvI&t=28s,TRUE,
Musiques de films,Le Roi Lion,Can You Feel The Love Tonight,https://www.youtube.com/watch?v=25QyCxVkXwQ&t=30s,TRUE,
Musiques de films,Les Gardiens de la Galaxie,Hooked on a Feeling,https://www.youtube.com/watch?v=NrI-UBIB8Jk&t=16s,TRUE,
Musiques de films,Les Gardiens de la Galaxie,Come and Get Your Love,https://www.youtube.com/watch?v=BA4rSO-h9Io&t=22s,TRUE,
Musiques de films,Les Gardiens de la Galaxie,Mr. Blue Sky,https://www.youtube.com/watch?v=aQUlA8Hcv4s&t=28s,TRUE,
Musiques de films,Les Misérables,Do You Hear the People Sing?,https://www.youtube.com/watch?v=1q82twrdr0U&t=12s,TRUE,
Musiques de films,Les Misérables,I Dreamed A Dream,https://www.youtube.com/watch?v=ulJXiB5i_q0&t=30s,TRUE,
Musiques de films,Les Misérables,One Day More,https://www.youtube.com/watch?v=Sv-BxH3SVS8&t=20s,TRUE,
Musiques de films,Mamma Mia,Dancing Queen,https://www.youtube.com/watch?v=Do8oqR2TR1M&t=28s,TRUE,
Musiques de films,Mamma Mia,Mamma Mia,https://www.youtube.com/watch?v=MFKqiFG6HVs&t=12s,TRUE,
Musiques de films,Mamma Mia,"Money, Money, Money",https://www.youtube.com/watch?v=y6h5BUSo9Vw&t=16s,TRUE,
Musiques de films,Moana,How Far I'll Go,https://www.youtube.com/watch?v=cPAbx5kgCJo&t=52s,TRUE,
Musiques de films,Moana,You're Welcome,https://www.youtube.com/watch?v=79DijItQXMM&t=14s,TRUE,
Musiques de films,Moana,Shiny,https://www.youtube.com/watch?v=93lrosBEW-Q&t=40s,TRUE,
Musiques de films,Mulan,I'll Make a Man Out of You,https://www.youtube.com/watch?v=vGfJeW_CcFY&t=30s,TRUE,
Musiques de films,Mulan,Reflection,https://www.youtube.com/watch?v=RNprQYHenNI&t=55s,TRUE,
Musiques de films,Mulan,Honor To Us All,https://www.youtube.com/watch?v=-1S9pYmpkG8&t=25s,TRUE,
Musiques de films,Pirates des Caraïbes,He's a Pirate,https://www.youtube.com/watch?v=BuYf0taXoNw&t=12s,TRUE,
Musiques de films,Pirates des Caraïbes,Jack Sparrow,https://www.youtube.com/watch?v=JZeNYaTmVP4&t=60s,TRUE,
Musiques de films,Pirates des Caraïbes,Davy Jones,https://www.youtube.com/watch?v=Tjp8cj8Vzyo&t=20s,TRUE,
Musiques de films,Purple Rain,Purple Rain,https://www.youtube.com/watch?v=TvnYmWpD_T8&t=75s,TRUE,
Musiques de films,Purple Rain,When Doves Cry,https://www.youtube.com/watch?v=UG3VcCAlUgE&t=38s,TRUE,
Musiques de films,Purple Rain,Let's Go Crazy,https://www.youtube.com/watch?v=aXJhDltzYVQ&t=45s,TRUE,
Musiques de films,Raiponce,I See the Light,https://www.youtube.com/watch?v=ILRs2r6lcHY&t=62s,TRUE,
Musiques de films,Raiponce,When Will My Life Begin?,https://www.youtube.com/watch?v=kRXmAIHYQR4&t=12s,TRUE,
Musiques de films,Raiponce,Mother Knows Best,https://www.youtube.com/watch?v=-7jWt3JvJto&t=20s,TRUE,
Musiques de films,Rocky,Eye Of The Tiger,https://www.youtube.com/watch?v=btPJPFnesV4&t=47s,TRUE,
Musiques de films,Rocky,Burning Heart,https://www.youtube.com/watch?v=Kc71KZG87X4&t=28s,TRUE,
Musiques de films,Rocky,Gonna Fly Now,https://www.youtube.com/watch?v=AxWejrVYcCg&t=12s,TRUE,
Musiques de films,Saturday Night Fever,Stayin' Alive,https://www.youtube.com/watch?v=fNFzfwLM72c&t=16s,TRUE,
Musiques de films,Saturday Night Fever,Night Fever,https://www.youtube.com/watch?v=-ihs-vT9T3Q&t=33s,TRUE,
Musiques de films,Saturday Night Fever,How Deep Is Your Love,https://www.youtube.com/watch?v=XpqqjU7u5Yc&t=14s,TRUE,
Musiques de films,Shrek,All Star,https://www.youtube.com/watch?v=L_jWHffIx5E&t=9s,TRUE,
Musiques de films,Shrek,I'm A Believer,https://www.youtube.com/watch?v=0mYBSayCsH0&t=10s,TRUE,
Musiques de films,Shrek,Hallelujah,https://www.youtube.com/watch?v=7iDfvoqOhD8&t=52s,TRUE,
Musiques de films,Sister Act,I Will Follow Him,https://www.youtube.com/watch?v=VPpd-6X3tEo&t=38s,TRUE,
Musiques de films,Sister Act,Oh Happy Day,https://www.youtube.com/watch?v=mXPoRnY3r10&t=45s,TRUE,
Musiques de films,Sister Act,Hail Holy Queen,https://www.youtube.com/watch?v=VKi0MV0ZVVo&t=55s,TRUE,
Musiques de films,Spider-Man,Sunflower,https://www.youtube.com/watch?v=ApXoWvfEYVU&t=21s,TRUE,
Musiques de films,Spider-Man,What's Up Danger,https://www.youtube.com/watch?v=nZFNut0RGlQ&t=35s,TRUE,
Musiques de films,Spider-Man,Annihilate,https://www.youtube.com/watch?v=e7RvFZ6XtkI&t=25s,TRUE,
Musiques de films,Star Wars,The Imperial March,https://www.youtube.com/watch?v=-bzWSJG93P8&t=14s,TRUE,
Musiques de films,Star Wars,Star Wars Main Theme,https://www.youtube.com/watch?v=_D0ZQPqeJkk&t=9s,TRUE,
Musiques de films,Star Wars,Duel of the Fates,https://www.youtube.com/watch?v=xlYCxbBZUCY&t=24s,TRUE,
Musiques de films,Suicide Squad,Heathens,https://www.youtube.com/watch?v=UprcpdwuwCg&t=38s,TRUE,
Musiques de films,Suicide Squad,Sucker for Pain,https://www.youtube.com/watch?v=-59jGD4WrmE&t=25s,TRUE,
Musiques de films,Suicide Squad,Purple Lamborghini,https://www.youtube.com/watch?v=ZkqyIoYAXV8&t=40s,TRUE,
Musiques de films,Tarzan,You'll Be In My Heart,https://www.youtube.com/watch?v=EfHLHdSxQA0&t=63s,TRUE,
Musiques de films,Tarzan,Son of Man,https://www.youtube.com/watch?v=tiBaBca7-rY&t=22s,TRUE,
Musiques de films,Tarzan,Two Worlds,https://www.youtube.com/watch?v=wb5keTpC4WU&t=30s,TRUE,
Musiques de films,The Blues Brothers,Everybody Needs Somebody to Love,https://www.youtube.com/watch?v=EHV0zs0kVGg&t=30s,TRUE,
Musiques de films,The Blues Brothers,Shake a Tail Feather,https://www.youtube.com/watch?v=qdbrIrFxas0&t=25s,TRUE,
Musiques de films,The Blues Brothers,Think,https://www.youtube.com/watch?v=RTXszRHc0qs&t=70s,TRUE,
Musiques de films,The Greatest Showman,This Is Me,https://www.youtube.com/watch?v=CjxugyZCfuw&t=63s,TRUE,
Musiques de films,The Greatest Showman,A Million Dreams,https://www.youtube.com/watch?v=pSQk-4fddDI&t=68s,TRUE,
Musiques de films,The Greatest Showman,Rewrite The Stars,https://www.youtube.com/watch?v=gdjR2lvIfJ4&t=25s,TRUE,
Musiques de films,Top Gun,Danger Zone,https://www.youtube.com/watch?v=siwpn14IE7E&t=21s,TRUE,
Musiques de films,Top Gun,Take My Breath Away,https://www.youtube.com/watch?v=Bx51eegLTY8&t=33s,TRUE,
Musiques de films,Top Gun,Hold My Hand,https://www.youtube.com/watch?v=O2CIAKVTOrc&t=55s,TRUE,
Musiques de films,Trolls,CAN'T STOP THE FEELING!,https://www.youtube.com/watch?v=ru0K8uYEZWw&t=45s,TRUE,
Musiques de films,Trolls,True Colors,https://www.youtube.com/watch?v=3JIpIsgHqV0&t=20s,TRUE,
Musiques de films,Trolls,Get Back Up Again,https://www.youtube.com/watch?v=IFuFm0m2wj0&t=18s,TRUE,
Musiques de films,Twilight,A Thousand Years,https://www.youtube.com/watch?v=rtOvBOTyX00&t=65s,TRUE,
Musiques de films,Twilight,Decode,https://www.youtube.com/watch?v=RvnkAtWcKYg&t=55s,TRUE,
Musiques de films,Twilight,Supermassive Black Hole,https://www.youtube.com/watch?v=Xsp3_a-PMTw&t=26s,TRUE,
Musiques de films,Zombies,Someday,https://www.youtube.com/watch?v=3yy-dKTmyOo&t=30s,TRUE,
Musiques de films,Zombies,Fired Up,https://www.youtube.com/watch?v=tHjuEF4Q3qU&t=25s,TRUE,
Musiques de films,Zombies,BAMM,https://www.youtube.com/watch?v=PmWORPV7fKk&t=28s,TRUE,
Rock / Pop-punk,AC/DC,Thunderstruck,https://www.youtube.com/watch?v=v2AC41dglnM&t=22s,TRUE,
Rock / Pop-punk,AC/DC,Back in Black,https://www.youtube.com/watch?v=pAgnJDJN4VA&t=15s,TRUE,
Rock / Pop-punk,AC/DC,Highway to Hell,https://www.youtube.com/watch?v=l482T0yNkeo&t=18s,TRUE,
Rock / Pop-punk,Aerosmith,Dream On,https://www.youtube.com/watch?v=89dGC8de0CA&t=40s,TRUE,
Rock / Pop-punk,Aerosmith,Walk This Way,https://www.youtube.com/watch?v=4c8O2n1Gfto&t=25s,TRUE,
Rock / Pop-punk,Aerosmith,I Don't Want to Miss a Thing,https://www.youtube.com/watch?v=JkK8g6FMEXE&t=60s,TRUE,
Rock / Pop-punk,Arctic Monkeys,Do I Wanna Know?,https://www.youtube.com/watch?v=bpOSxM0rNPM&t=20s,TRUE,
Rock / Pop-punk,Arctic Monkeys,R U Mine?,https://www.youtube.com/watch?v=VQH8ZTgna3Q&t=45s,TRUE,
Rock / Pop-punk,Arctic Monkeys,I Bet You Look Good on the Dancefloor,https://www.youtube.com/watch?v=pK7egZaT3hs&t=15s,TRUE,
Rock / Pop-punk,Avril Lavigne,Complicated,https://www.youtube.com/watch?v=5NPBIwQyPWE&t=55s,TRUE,
Rock / Pop-punk,Avril Lavigne,Sk8er Boi,https://www.youtube.com/watch?v=TIy3n2b7V9k&t=45s,TRUE,
Rock / Pop-punk,Avril Lavigne,Girlfriend,https://www.youtube.com/watch?v=Bg59q4puhmg&t=50s,TRUE,
Rock / Pop-punk,Blink-182,All the Small Things,https://www.youtube.com/watch?v=9Ht5RZpzPqw&t=12s,TRUE,
Rock / Pop-punk,Blink-182,What's My Age Again?,https://www.youtube.com/watch?v=K7l5ZeVVoCA&t=25s,TRUE,
Rock / Pop-punk,Blink-182,I Miss You,https://www.youtube.com/watch?v=s1tAYmMjLdY&t=78s,TRUE,
Rock / Pop-punk,Bowling for Soup,1985,https://www.youtube.com/watch?v=K38xNqZvBJI&t=60s,TRUE,
Rock / Pop-punk,Bowling for Soup,Girl All the Bad Guys Want,https://www.youtube.com/watch?v=VGRxmYXi4Io&t=60s,TRUE,
Rock / Pop-punk,Bowling for Soup,High School Never Ends,https://www.youtube.com/watch?v=jrxI_euTX4A&t=70s,TRUE,
Rock / Pop-punk,Disturbed,Down with the Sickness,https://www.youtube.com/watch?v=09LTT0xwdfw&t=20s,TRUE,
Rock / Pop-punk,Disturbed,Stricken,https://www.youtube.com/watch?v=I77mjesUbkw&t=45s,TRUE,
Rock / Pop-punk,Disturbed,Indestructible,https://www.youtube.com/watch?v=aWxBrI0g1kE&t=60s,TRUE,
Rock / Pop-punk,Evanescence,Bring Me to Life,https://www.youtube.com/watch?v=3YxaaGgTQYM&t=50s,TRUE,
Rock / Pop-punk,Evanescence,My Immortal,https://www.youtube.com/watch?v=5anLPw0Efmo&t=60s,TRUE,
Rock / Pop-punk,Evanescence,Going Under,https://www.youtube.com/watch?v=CdhqVtpR2ts&t=52s,TRUE,
Rock / Pop-punk,Fall Out Boy,"Sugar, We're Goin Down",https://www.youtube.com/watch?v=uhG-vLZrb-g&t=40s,TRUE,
Rock / Pop-punk,Fall Out Boy,Thnks fr th Mmrs,https://www.youtube.com/watch?v=onzL0EM1pKY&t=55s,TRUE,
Rock / Pop-punk,Fall Out Boy,"Dance, Dance",https://www.youtube.com/watch?v=C6MOKXm8x50&t=60s,TRUE,
Rock / Pop-punk,Foo Fighters,Everlong,https://www.youtube.com/watch?v=eBG7P-K-r1Y&t=45s,TRUE,
Rock / Pop-punk,Foo Fighters,The Pretender,https://www.youtube.com/watch?v=SBjQ9tuuTJQ&t=50s,TRUE,
Rock / Pop-punk,Foo Fighters,Learn to Fly,https://www.youtube.com/watch?v=1VQ_3sBZEm0&t=90s,TRUE,
Rock / Pop-punk,Franz Ferdinand,Take Me Out,https://www.youtube.com/watch?v=Ijk4j-r7qPA&t=60s,TRUE,
Rock / Pop-punk,Franz Ferdinand,Do You Want To,https://www.youtube.com/watch?v=1OJRRUnY--A&t=45s,TRUE,
Rock / Pop-punk,Franz Ferdinand,No You Girls,https://www.youtube.com/watch?v=j-5L5McaBAY&t=45s,TRUE,
Rock / Pop-punk,Gojira,Stranded,https://www.youtube.com/watch?v=FNdC_3LR2AI&t=30s,TRUE,
Rock / Pop-punk,Gojira,Silvera,https://www.youtube.com/watch?v=iVvXB-Vwnco&t=25s,TRUE,
Rock / Pop-punk,Gojira,L'Enfant Sauvage,https://www.youtube.com/watch?v=BGHlZwMYO9g&t=35s,TRUE,
Rock / Pop-punk,Good Charlotte,The Anthem,https://www.youtube.com/watch?v=desJKYvdq9A&t=45s,TRUE,
Rock / Pop-punk,Good Charlotte,Lifestyles of the Rich & Famous,https://www.youtube.com/watch?v=y-jC3H_8Dk4&t=50s,TRUE,
Rock / Pop-punk,Good Charlotte,I Just Wanna Live,https://www.youtube.com/watch?v=rISYCquFeI8&t=40s,TRUE,
Rock / Pop-punk,Green Day,Basket Case,https://www.youtube.com/watch?v=NUTGr5t3MoY&t=15s,TRUE,
Rock / Pop-punk,Green Day,American Idiot,https://www.youtube.com/watch?v=Ee_uujKuJMI&t=16s,TRUE,
Rock / Pop-punk,Green Day,Boulevard of Broken Dreams,https://www.youtube.com/watch?v=Soa3gO7tL-c&t=38s,TRUE,
Rock / Pop-punk,Guns N' Roses,Sweet Child O' Mine,https://www.youtube.com/watch?v=1w7OgIMMRc4&t=15s,TRUE,
Rock / Pop-punk,Guns N' Roses,Welcome to the Jungle,https://www.youtube.com/watch?v=o1tj2zJ2Wvg&t=45s,TRUE,
Rock / Pop-punk,Guns N' Roses,Paradise City,https://www.youtube.com/watch?v=Rbm6GXllBiw&t=45s,TRUE,
Rock / Pop-punk,Imagine Dragons,Radioactive,https://www.youtube.com/watch?v=ktvTqknDobU&t=50s,TRUE,
Rock / Pop-punk,Imagine Dragons,Believer,https://www.youtube.com/watch?v=7wtfhZwyrcc&t=50s,TRUE,
Rock / Pop-punk,Imagine Dragons,Demons,https://www.youtube.com/watch?v=mWRsgZuwf_8&t=55s,TRUE,
Rock / Pop-punk,Indochine,L'Aventurier,https://www.youtube.com/watch?v=M7X6oYg6iro&t=30s,TRUE,
Rock / Pop-punk,Indochine,J'ai demandé à la lune,https://www.youtube.com/watch?v=KAOmC5qT02w&t=25s,TRUE,
Rock / Pop-punk,Indochine,3e sexe,https://www.youtube.com/watch?v=SWtiCRntA-E&t=45s,TRUE,
Rock / Pop-punk,Jimmy Eat World,The Middle,https://www.youtube.com/watch?v=oKsxPW6i3pM&t=45s,TRUE,
Rock / Pop-punk,Jimmy Eat World,Sweetness,https://www.youtube.com/watch?v=ROatPGGMvXg&t=55s,TRUE,
Rock / Pop-punk,Jimmy Eat World,Pain,https://www.youtube.com/watch?v=uaP6KgwbOvo&t=45s,TRUE,
Rock / Pop-punk,Kings of Leon,Sex on Fire,https://www.youtube.com/watch?v=RF0HhrwIwp0&t=18s,TRUE,
Rock / Pop-punk,Kings of Leon,Use Somebody,https://www.youtube.com/watch?v=gnhXHvRoUd0&t=50s,TRUE,
Rock / Pop-punk,Kings of Leon,Pyro,https://www.youtube.com/watch?v=gFp7q-IJqno&t=60s,TRUE,
Rock / Pop-punk,Korn,Freak on a Leash,https://www.youtube.com/watch?v=jRGrNDV2mKc&t=30s,TRUE,
Rock / Pop-punk,Korn,Blind,https://www.youtube.com/watch?v=SGK00Q7xx-s&t=55s,TRUE,
Rock / Pop-punk,Korn,Got the Life,https://www.youtube.com/watch?v=VAWjsVoDpm0&t=45s,TRUE,
Rock / Pop-punk,Kyo,Le Chemin,https://www.youtube.com/watch?v=CLuOd8xMRRo&t=35s,TRUE,
Rock / Pop-punk,Kyo,Dernière Danse,https://www.youtube.com/watch?v=aU_TQcyGkvY&t=40s,TRUE,
Rock / Pop-punk,Kyo,Je cours,https://www.youtube.com/watch?v=zSpLOlxy9nI&t=40s,TRUE,
Rock / Pop-punk,Led Zeppelin,Immigrant Song,https://www.youtube.com/watch?v=P3Y8OWkiUts&t=20s,TRUE,
Rock / Pop-punk,Led Zeppelin,Whole Lotta Love,https://www.youtube.com/watch?v=HibBnC6SVk8&t=25s,TRUE,
Rock / Pop-punk,Led Zeppelin,Black Dog,https://www.youtube.com/watch?v=2KPEHohJMuw&t=25s,TRUE,
Rock / Pop-punk,Limp Bizkit,Rollin' (Air Raid Vehicle),https://www.youtube.com/watch?v=RYnFIRc0k6E&t=52s,TRUE,
Rock / Pop-punk,Limp Bizkit,Break Stuff,https://www.youtube.com/watch?v=ZpUYjpKg9KY&t=20s,TRUE,
Rock / Pop-punk,Limp Bizkit,Nookie,https://www.youtube.com/watch?v=JTMVOzPPtiw&t=55s,TRUE,
Rock / Pop-punk,Linkin Park,In the End,https://www.youtube.com/watch?v=eVTXPUF4Oz4&t=42s,TRUE,
Rock / Pop-punk,Linkin Park,Numb,https://www.youtube.com/watch?v=kXYiU_JCYtU&t=55s,TRUE,
Rock / Pop-punk,Linkin Park,Faint,https://www.youtube.com/watch?v=LYU-8IFcDPw&t=40s,TRUE,
Rock / Pop-punk,Mass Hysteria,Furia,https://www.youtube.com/watch?v=CDAjU6ffOK8&t=45s,TRUE,
Rock / Pop-punk,Mass Hysteria,Knowledge Is Power,https://www.youtube.com/watch?v=4ChyKx_hpEc&t=35s,TRUE,
Rock / Pop-punk,Mass Hysteria,Positif à bloc,https://www.youtube.com/watch?v=TqF16f57VKo&t=40s,TRUE,
Rock / Pop-punk,Metallica,Enter Sandman,https://www.youtube.com/watch?v=CD-E-LDc384&t=40s,TRUE,
Rock / Pop-punk,Metallica,Nothing Else Matters,https://www.youtube.com/watch?v=tAGnKpE4NCI&t=45s,TRUE,
Rock / Pop-punk,Metallica,One,https://www.youtube.com/watch?v=WM8bTdBs-cw&t=296s,TRUE,
Rock / Pop-punk,MGMT,Kids,https://www.youtube.com/watch?v=fe4EK4HSPkI&t=76s,TRUE,
Rock / Pop-punk,MGMT,Electric Feel,https://www.youtube.com/watch?v=MmZexg8sxyk&t=45s,TRUE,
Rock / Pop-punk,MGMT,Time to Pretend,https://www.youtube.com/watch?v=B9dSYgd5Elk&t=45s,TRUE,
Rock / Pop-punk,Muse,Uprising,https://www.youtube.com/watch?v=w8KQmps-Sog&t=55s,TRUE,
Rock / Pop-punk,Muse,Supermassive Black Hole,https://www.youtube.com/watch?v=Xsp3_a-PMTw&t=40s,TRUE,
Rock / Pop-punk,Muse,Plug In Baby,https://www.youtube.com/watch?v=dbB-mICjkQM&t=12s,TRUE,
Rock / Pop-punk,My Chemical Romance,Welcome to the Black Parade,https://www.youtube.com/watch?v=RRKJiM9Njr8&t=25s,TRUE,
Rock / Pop-punk,My Chemical Romance,Helena,https://www.youtube.com/watch?v=UCCyoocDxBA&t=45s,TRUE,
Rock / Pop-punk,My Chemical Romance,I'm Not Okay (I Promise),https://www.youtube.com/watch?v=dhZTNgAs4Fc&t=60s,TRUE,
Rock / Pop-punk,Nirvana,Smells Like Teen Spirit,https://www.youtube.com/watch?v=hTWKbfoikeg&t=5s,TRUE,
Rock / Pop-punk,Nirvana,Come As You Are,https://www.youtube.com/watch?v=vabnZ9-ex7o&t=8s,TRUE,
Rock / Pop-punk,Nirvana,Lithium,https://www.youtube.com/watch?v=pkcJEvMcnEg&t=18s,TRUE,
Rock / Pop-punk,Noir Désir,Le Vent Nous Portera,https://www.youtube.com/watch?v=NrgcRvBJYBE&t=30s,TRUE,
Rock / Pop-punk,Noir Désir,L'Homme Pressé,https://www.youtube.com/watch?v=by1RRP9wa_Y&t=40s,TRUE,
Rock / Pop-punk,Noir Désir,Un Jour en France,https://www.youtube.com/watch?v=LzHoZYextb8&t=35s,TRUE,
Rock / Pop-punk,Oasis,Wonderwall,https://www.youtube.com/watch?v=bx1Bh8ZvH84&t=50s,TRUE,
Rock / Pop-punk,Oasis,Don't Look Back in Anger,https://www.youtube.com/watch?v=r8OipmKFDeM&t=35s,TRUE,
Rock / Pop-punk,Oasis,Champagne Supernova,https://www.youtube.com/watch?v=tI-5uv4wryI&t=60s,TRUE,
Rock / Pop-punk,Panic! At The Disco,I Write Sins Not Tragedies,https://www.youtube.com/watch?v=vc6vs-l5dkc&t=47s,TRUE,
Rock / Pop-punk,Panic! At The Disco,High Hopes,https://www.youtube.com/watch?v=IPXIgEAGe4U&t=48s,TRUE,
Rock / Pop-punk,Panic! At The Disco,Death of a Bachelor,https://www.youtube.com/watch?v=R03cqGg40GU&t=55s,TRUE,
Rock / Pop-punk,Papa Roach,Last Resort,https://www.youtube.com/watch?v=j0lSpNtjPM8&t=15s,TRUE,
Rock / Pop-punk,Papa Roach,Scars,https://www.youtube.com/watch?v=eHbNU9WuVgw&t=45s,TRUE,
Rock / Pop-punk,Papa Roach,Getting Away with Murder,https://www.youtube.com/watch?v=-rdmG0k8S8k&t=45s,TRUE,
Rock / Pop-punk,Paramore,Misery Business,https://www.youtube.com/watch?v=aCyGvGEtOwc&t=25s,TRUE,
Rock / Pop-punk,Paramore,Still Into You,https://www.youtube.com/watch?v=OblL026SvD4&t=50s,TRUE,
Rock / Pop-punk,Paramore,Ain't It Fun,https://www.youtube.com/watch?v=EFEmTsfFL5A&t=55s,TRUE,
Rock / Pop-punk,Pearl Jam,Alive,https://www.youtube.com/watch?v=qM0zINtulhM&t=30s,TRUE,
Rock / Pop-punk,Pearl Jam,Even Flow,https://www.youtube.com/watch?v=CxKWTzr-k6s&t=70s,TRUE,
Rock / Pop-punk,Pearl Jam,Black,https://www.youtube.com/watch?v=qgaRVvAKoqQ&t=45s,TRUE,
Rock / Pop-punk,Phoenix,1901,https://www.youtube.com/watch?v=36_4xjLFjM0&t=45s,TRUE,
Rock / Pop-punk,Phoenix,Lisztomania,https://www.youtube.com/watch?v=4BJDNw7o6so&t=50s,TRUE,
Rock / Pop-punk,Phoenix,If I Ever Feel Better,https://www.youtube.com/watch?v=ub36ffWAqgQ&t=45s,TRUE,
Rock / Pop-punk,Placebo,Pure Morning,https://www.youtube.com/watch?v=LIxx2NZUUco&t=45s,TRUE,
Rock / Pop-punk,Placebo,Every You Every Me,https://www.youtube.com/watch?v=OMaycNcPsHI&t=55s,TRUE,
Rock / Pop-punk,Placebo,The Bitter End,https://www.youtube.com/watch?v=-JJAXwAaA2w&t=45s,TRUE,
Rock / Pop-punk,Pleymo,Rock,https://www.youtube.com/watch?v=H_X56xaRVlo&t=45s,TRUE,
Rock / Pop-punk,Pleymo,New Wave,https://www.youtube.com/watch?v=UJYFZnPPr-Q&t=45s,TRUE,
Rock / Pop-punk,Pleymo,Adrénaline,https://www.youtube.com/watch?v=v6TVxf4AD5w&t=45s,TRUE,
Rock / Pop-punk,Queen,Bohemian Rhapsody,https://www.youtube.com/watch?v=fJ9rUzIMcZQ&t=20s,TRUE,
Rock / Pop-punk,Queen,Another One Bites the Dust,https://www.youtube.com/watch?v=rY0WxgSXdEE&t=30s,TRUE,
Rock / Pop-punk,Queen,Don't Stop Me Now,https://www.youtube.com/watch?v=HgzGwKwLmgM&t=25s,TRUE,
Rock / Pop-punk,Radiohead,Creep,https://www.youtube.com/watch?v=XFkzRNyygfk&t=30s,TRUE,
Rock / Pop-punk,Radiohead,Karma Police,https://www.youtube.com/watch?v=1uYWYWPc9HU&t=20s,TRUE,
Rock / Pop-punk,Radiohead,No Surprises,https://www.youtube.com/watch?v=u5CVsCnxyXg&t=35s,TRUE,
Rock / Pop-punk,Rage Against the Machine,Killing in the Name,https://www.youtube.com/watch?v=bWXazVhlyxQ&t=55s,TRUE,
Rock / Pop-punk,Rage Against the Machine,Bulls on Parade,https://www.youtube.com/watch?v=3L4YrGaR8E4&t=25s,TRUE,
Rock / Pop-punk,Rage Against the Machine,Guerrilla Radio,https://www.youtube.com/watch?v=Rm1nCYOZB-s&t=35s,TRUE,
Rock / Pop-punk,Red Hot Chili Peppers,Californication,https://www.youtube.com/watch?v=YlUKcNNmywk&t=22s,TRUE,
Rock / Pop-punk,Red Hot Chili Peppers,Under the Bridge,https://www.youtube.com/watch?v=GLvohMXgcBo&t=18s,TRUE,
Rock / Pop-punk,Red Hot Chili Peppers,Can't Stop,https://www.youtube.com/watch?v=8DyziWtkfBw&t=20s,TRUE,
Rock / Pop-punk,Scorpions,Wind of Change,https://www.youtube.com/watch?v=n4RjJKxsamQ&t=12s,TRUE,
Rock / Pop-punk,Scorpions,Rock You Like a Hurricane,https://www.youtube.com/watch?v=6yP1tcy9a10&t=20s,TRUE,
Rock / Pop-punk,Scorpions,Still Loving You,https://www.youtube.com/watch?v=7pOr3dBFAeY&t=48s,TRUE,
Rock / Pop-punk,Shaka Ponk,My Name Is Stain,https://www.youtube.com/watch?v=EF2PGnZmXCI&t=45s,TRUE,
Rock / Pop-punk,Shaka Ponk,I'm Picky,https://www.youtube.com/watch?v=-LVWXQ2F3KI&t=45s,TRUE,
Rock / Pop-punk,Shaka Ponk,Wanna Get Free,https://www.youtube.com/watch?v=aRljVackZ08&t=45s,TRUE,
Rock / Pop-punk,Simple Plan,Welcome to My Life,https://www.youtube.com/watch?v=r0U0AlLVqpk&t=55s,TRUE,
Rock / Pop-punk,Simple Plan,Perfect,https://www.youtube.com/watch?v=RUi54JTgL5s&t=60s,TRUE,
Rock / Pop-punk,Simple Plan,I'm Just a Kid,https://www.youtube.com/watch?v=_GOR5gvQwDI&t=35s,TRUE,
Rock / Pop-punk,Skip the Use,Ghost,https://www.youtube.com/watch?v=-rblfEWp-0c&t=45s,TRUE,
Rock / Pop-punk,Skip the Use,Give Me Your Life,https://www.youtube.com/watch?v=3LZu9uMttDA&t=40s,TRUE,
Rock / Pop-punk,Skip the Use,Nameless World,https://www.youtube.com/watch?v=OHXf7wEpBPI&t=50s,TRUE,
Rock / Pop-punk,Slipknot,Duality,https://www.youtube.com/watch?v=6fVE8kSM43I&t=18s,TRUE,
Rock / Pop-punk,Slipknot,Psychosocial,https://www.youtube.com/watch?v=5abamRO41fE&t=60s,TRUE,
Rock / Pop-punk,Slipknot,Before I Forget,https://www.youtube.com/watch?v=qw2LU1yS7aw&t=45s,TRUE,
Rock / Pop-punk,Sum 41,Fat Lip,https://www.youtube.com/watch?v=CMX2lPum_pg&t=55s,TRUE,
Rock / Pop-punk,Sum 41,In Too Deep,https://www.youtube.com/watch?v=emGri7i8Y2Y&t=38s,TRUE,
Rock / Pop-punk,Sum 41,Still Waiting,https://www.youtube.com/watch?v=qO-mSLxih-c&t=65s,TRUE,
Rock / Pop-punk,Superbus,Lova Lova,https://www.youtube.com/watch?v=6XiCNrWIOt0&t=45s,TRUE,
Rock / Pop-punk,Superbus,Butterfly,https://www.youtube.com/watch?v=CQPNj38WscM&t=50s,TRUE,
Rock / Pop-punk,Superbus,Radio Song,https://www.youtube.com/watch?v=jtakiu1WPTc&t=40s,TRUE,
Rock / Pop-punk,System of a Down,Chop Suey!,https://www.youtube.com/watch?v=CSvFpBOe8eY&t=16s,TRUE,
Rock / Pop-punk,System of a Down,Toxicity,https://www.youtube.com/watch?v=iywaBOMvYLI&t=58s,TRUE,
Rock / Pop-punk,System of a Down,B.Y.O.B.,https://www.youtube.com/watch?v=zUzd9KyIDrM&t=46s,TRUE,
Rock / Pop-punk,The Cranberries,Zombie,https://www.youtube.com/watch?v=6Ejga4kJUts&t=30s,TRUE,
Rock / Pop-punk,The Cranberries,Linger,https://www.youtube.com/watch?v=G6Kspj3OO0s&t=40s,TRUE,
Rock / Pop-punk,The Cranberries,Dreams,https://www.youtube.com/watch?v=Yam5uK6e-bQ&t=25s,TRUE,
Rock / Pop-punk,The Killers,Mr. Brightside,https://www.youtube.com/watch?v=gGdGFtwCNBE&t=22s,TRUE,
Rock / Pop-punk,The Killers,Somebody Told Me,https://www.youtube.com/watch?v=Y5fBdpreJiU&t=45s,TRUE,
Rock / Pop-punk,The Killers,Human,https://www.youtube.com/watch?v=RIZdjT1472Y&t=60s,TRUE,
Rock / Pop-punk,The Offspring,Self Esteem,https://www.youtube.com/watch?v=Abrn8aVQ76Q&t=50s,TRUE,
Rock / Pop-punk,The Offspring,Pretty Fly (For a White Guy),https://www.youtube.com/watch?v=QtTR-_Klcq8&t=20s,TRUE,
Rock / Pop-punk,The Offspring,The Kids Aren't Alright,https://www.youtube.com/watch?v=7iNbnineUCI&t=40s,TRUE,
Rock / Pop-punk,The Rolling Stones,"Paint It, Black",https://www.youtube.com/watch?v=O4irXQhgMqg&t=45s,TRUE,
Rock / Pop-punk,The Rolling Stones,(I Can't Get No) Satisfaction,https://www.youtube.com/watch?v=nrIPxlFzDi0&t=30s,TRUE,
Rock / Pop-punk,The Rolling Stones,Start Me Up,https://www.youtube.com/watch?v=SGyOaCXr8Lw&t=25s,TRUE,
Rock / Pop-punk,The Smashing Pumpkins,1979,https://www.youtube.com/watch?v=4aeETEoNfOg&t=30s,TRUE,
Rock / Pop-punk,The Smashing Pumpkins,Bullet with Butterfly Wings,https://www.youtube.com/watch?v=8-r-V0uK4u0&t=45s,TRUE,
Rock / Pop-punk,The Smashing Pumpkins,"Tonight, Tonight",https://www.youtube.com/watch?v=NOG3eus4ZSo&t=35s,TRUE,
Rock / Pop-punk,The Strokes,Last Nite,https://www.youtube.com/watch?v=TOypSnKFHrE&t=35s,TRUE,
Rock / Pop-punk,The Strokes,Reptilia,https://www.youtube.com/watch?v=b8-tXG8KrWs&t=35s,TRUE,
Rock / Pop-punk,The Strokes,Someday,https://www.youtube.com/watch?v=knU9gRUWCno&t=30s,TRUE,
Rock / Pop-punk,The White Stripes,Seven Nation Army,https://www.youtube.com/watch?v=0J2QdDbelmY&t=15s,TRUE,
Rock / Pop-punk,The White Stripes,Fell in Love with a Girl,https://www.youtube.com/watch?v=fTH71AAxXmM&t=15s,TRUE,
Rock / Pop-punk,The White Stripes,Icky Thump,https://www.youtube.com/watch?v=1OjTspCqvk8&t=30s,TRUE,
Rock / Pop-punk,Three Days Grace,I Hate Everything About You,https://www.youtube.com/watch?v=d8ekz_CSBVg&t=50s,TRUE,
Rock / Pop-punk,Three Days Grace,Animal I Have Become,https://www.youtube.com/watch?v=xqds0B_meys&t=48s,TRUE,
Rock / Pop-punk,Three Days Grace,Never Too Late,https://www.youtube.com/watch?v=lL2ZwXj1tXM&t=42s,TRUE,
Rock / Pop-punk,Twenty One Pilots,Stressed Out,https://www.youtube.com/watch?v=pXRviuL6vMY&t=70s,TRUE,
Rock / Pop-punk,Twenty One Pilots,Ride,https://www.youtube.com/watch?v=Pw-0pbY9JeU&t=60s,TRUE,
Rock / Pop-punk,Twenty One Pilots,Heathens,https://www.youtube.com/watch?v=UprcpdwuwCg&t=50s,TRUE,
Rock / Pop-punk,Téléphone,Ça (C'est vraiment toi),https://www.youtube.com/watch?v=YP-P6tBexhk&t=55s,TRUE,
Rock / Pop-punk,Téléphone,Cendrillon,https://www.youtube.com/watch?v=_tHbSMQeCdk&t=30s,TRUE,
Rock / Pop-punk,Téléphone,Un autre monde,https://www.youtube.com/watch?v=xqnZPHo6qx4&t=50s,TRUE,
Rock / Pop-punk,Weezer,Buddy Holly,https://www.youtube.com/watch?v=SiJie3Z7DG8&t=35s,TRUE,
Rock / Pop-punk,Weezer,Say It Ain't So,https://www.youtube.com/watch?v=ENXvZ9YRjbo&t=30s,TRUE,
Rock / Pop-punk,Weezer,Island in the Sun,https://www.youtube.com/watch?v=erG5rgNYSdk&t=45s,TRUE,
Rock / Pop-punk,Yellowcard,Ocean Avenue,https://www.youtube.com/watch?v=X9fLbfzCqWw&t=47s,TRUE,
Rock / Pop-punk,Yellowcard,Only One,https://www.youtube.com/watch?v=RJLkcPhVi9w&t=58s,TRUE,
Rock / Pop-punk,Yellowcard,Lights and Sounds,https://www.youtube.com/watch?v=7a9wJIhq2J8&t=50s,TRUE,
Tubes des années 2000,50 Cent,In Da Club,https://www.youtube.com/watch?v=5qm8PH4xAss&t=33s,TRUE,
Tubes des années 2000,50 Cent,Candy Shop,https://www.youtube.com/watch?v=SRcnnId15BA&t=29s,TRUE,
Tubes des années 2000,50 Cent,21 Questions,https://www.youtube.com/watch?v=cDMhlvbOFaM&t=41s,TRUE,
Tubes des années 2000,Adele,Rolling in the Deep,https://www.youtube.com/watch?v=rYEDA3JcQqw&t=11s,TRUE,
Tubes des années 2000,Adele,Someone Like You,https://www.youtube.com/watch?v=hLQl3WQQoQ0&t=69s,TRUE,
Tubes des années 2000,Adele,Hello,https://www.youtube.com/watch?v=YQHsXMglC9A&t=62s,TRUE,
Tubes des années 2000,Akon,Lonely,https://www.youtube.com/watch?v=6EEW-9NDM5k&t=13s,TRUE,
Tubes des années 2000,Akon,Smack That,https://www.youtube.com/watch?v=bKDdT_nyP54&t=36s,TRUE,
Tubes des années 2000,Akon,Right Now (Na Na Na),https://www.youtube.com/watch?v=vIaH35-MLsk&t=54s,TRUE,
Tubes des années 2000,Alicia Keys,No One,https://www.youtube.com/watch?v=rywUS-ohqeE&t=49s,TRUE,
Tubes des années 2000,Alicia Keys,Girl on Fire,https://www.youtube.com/watch?v=J91ti_MpdHA&t=24s,TRUE,
Tubes des années 2000,Alicia Keys,If I Ain't Got You,https://www.youtube.com/watch?v=Ju8Hr50Ckwk&t=56s,TRUE,
Tubes des années 2000,Amy Winehouse,Rehab,https://www.youtube.com/watch?v=KUmZp8pR1uc&t=12s,TRUE,
Tubes des années 2000,Amy Winehouse,Back To Black,https://www.youtube.com/watch?v=TJAfLE39ZZ8&t=57s,TRUE,
Tubes des années 2000,Amy Winehouse,You Know I'm No Good,https://www.youtube.com/watch?v=b-I2s5zRbHg&t=26s,TRUE,
Tubes des années 2000,Avicii,Wake Me Up,https://www.youtube.com/watch?v=IcrbM1l_BoI&t=19s,TRUE,
Tubes des années 2000,Avicii,Levels,https://www.youtube.com/watch?v=_ovdm2yX4MA&t=57s,TRUE,
Tubes des années 2000,Avicii,Hey Brother,https://www.youtube.com/watch?v=6Cp6mKbRTQY&t=14s,TRUE,
Tubes des années 2000,Beyoncé,Single Ladies (Put a Ring on It),https://www.youtube.com/watch?v=4m1EFMoRFvY&t=15s,TRUE,
Tubes des années 2000,Beyoncé,Halo,https://www.youtube.com/watch?v=bnVUHWCynig&t=66s,TRUE,
Tubes des années 2000,Beyoncé,Crazy In Love,https://www.youtube.com/watch?v=ViwtNLUqkMY&t=21s,TRUE,
Tubes des années 2000,Britney Spears,Toxic,https://www.youtube.com/watch?v=LOZuxwVk7TU&t=47s,TRUE,
Tubes des années 2000,Britney Spears,Womanizer,https://www.youtube.com/watch?v=rMqayQ-U74s&t=51s,TRUE,
Tubes des années 2000,Britney Spears,Oops!...I Did It Again,https://www.youtube.com/watch?v=CduA0TULnow&t=53s,TRUE,
Tubes des années 2000,Bruno Mars,Just The Way You Are,https://www.youtube.com/watch?v=LjhCEhWiKXk&t=13s,TRUE,
Tubes des années 2000,Bruno Mars,Grenade,https://www.youtube.com/watch?v=SR6iYWJxHqs&t=58s,TRUE,
Tubes des années 2000,Bruno Mars,Locked Out Of Heaven,https://www.youtube.com/watch?v=e-fA-gBCkj0&t=46s,TRUE,
Tubes des années 2000,Calvin Harris,Summer,https://www.youtube.com/watch?v=ebXbLfLACGM&t=27s,TRUE,
Tubes des années 2000,Calvin Harris,Outside,https://www.youtube.com/watch?v=J9NQFACZYEU&t=48s,TRUE,
Tubes des années 2000,Calvin Harris,Feel So Close,https://www.youtube.com/watch?v=dGghkjpNCQ8&t=37s,TRUE,
Tubes des années 2000,Chris Brown,With You,https://www.youtube.com/watch?v=nmjdaBaZe8Y&t=44s,TRUE,
Tubes des années 2000,Chris Brown,Forever,https://www.youtube.com/watch?v=5sMKX22BHeE&t=46s,TRUE,
Tubes des années 2000,Chris Brown,Yeah 3x,https://www.youtube.com/watch?v=3mC2ixOAivA&t=42s,TRUE,
Tubes des années 2000,Christina Aguilera,Beautiful,https://www.youtube.com/watch?v=eAfyFTzZDMM&t=59s,TRUE,
Tubes des années 2000,Christina Aguilera,Ain't No Other Man,https://www.youtube.com/watch?v=8x7Ta89QLo4&t=63s,TRUE,
Tubes des années 2000,Christina Aguilera,Genie In A Bottle,https://www.youtube.com/watch?v=kIDWgqDBNXA&t=47s,TRUE,
Tubes des années 2000,Coldplay,Viva La Vida,https://www.youtube.com/watch?v=dvgZkm1xWPE&t=24s,TRUE,
Tubes des années 2000,Coldplay,The Scientist,https://www.youtube.com/watch?v=RB-RcX5DS5A&t=22s,TRUE,
Tubes des années 2000,Coldplay,Paradise,https://www.youtube.com/watch?v=1G4isv_Fylg&t=96s,TRUE,
Tubes des années 2000,Daft Punk,Get Lucky,https://www.youtube.com/watch?v=5NV6Rdv1a3I&t=56s,TRUE,
Tubes des années 2000,Daft Punk,One More Time,https://www.youtube.com/watch?v=FGBhQbmPwH8&t=27s,TRUE,
Tubes des années 2000,Daft Punk,Around The World,https://www.youtube.com/watch?v=K0HSD_i2DvA&t=41s,TRUE,
Tubes des années 2000,David Guetta,Titanium,https://www.youtube.com/watch?v=JRfuAukYTKg&t=62s,TRUE,
Tubes des années 2000,David Guetta,Hey Mama,https://www.youtube.com/watch?v=uO59tfQ2TbA&t=29s,TRUE,
Tubes des années 2000,David Guetta,Memories,https://www.youtube.com/watch?v=NUVCQXMUVnI&t=49s,TRUE,
Tubes des années 2000,Ed Sheeran,Shape of You,https://www.youtube.com/watch?v=JGwWNGJdvx8&t=67s,TRUE,
Tubes des années 2000,Ed Sheeran,Thinking Out Loud,https://www.youtube.com/watch?v=lp-EO5I60KA&t=59s,TRUE,
Tubes des années 2000,Ed Sheeran,Photograph,https://www.youtube.com/watch?v=nSDgHBxUbVQ&t=54s,TRUE,
Tubes des années 2000,Eminem,Without Me,https://www.youtube.com/watch?v=YVkUvmDQ3HY&t=56s,TRUE,
Tubes des années 2000,Eminem,The Real Slim Shady,https://www.youtube.com/watch?v=eJO5HU_7_1w&t=39s,TRUE,
Tubes des années 2000,Eminem,Not Afraid,https://www.youtube.com/watch?v=j5-yKhDd64s&t=33s,TRUE,
Tubes des années 2000,Flo Rida,Low,https://www.youtube.com/watch?v=U2waT9TxPU0&t=34s,TRUE,
Tubes des années 2000,Flo Rida,Whistle,https://www.youtube.com/watch?v=cSnkWzZ7ZAA&t=21s,TRUE,
Tubes des années 2000,Flo Rida,Good Feeling,https://www.youtube.com/watch?v=3OnnDqH6Wj8&t=63s,TRUE,
Tubes des années 2000,Gorillaz,Feel Good Inc.,https://www.youtube.com/watch?v=HyHNuVaZJ-k&t=23s,TRUE,
Tubes des années 2000,Gorillaz,Clint Eastwood,https://www.youtube.com/watch?v=1V_xRb0x9aw&t=31s,TRUE,
Tubes des années 2000,Gorillaz,On Melancholy Hill,https://www.youtube.com/watch?v=04mfKJWDSzI&t=36s,TRUE,
Tubes des années 2000,Jason Derulo,Whatcha Say,https://www.youtube.com/watch?v=pBI3lc18k8Q&t=15s,TRUE,
Tubes des années 2000,Jason Derulo,Talk Dirty,https://www.youtube.com/watch?v=RbtPXFlZlHg&t=43s,TRUE,
Tubes des années 2000,Jason Derulo,Want To Want Me,https://www.youtube.com/watch?v=rClUOdS5Zyw&t=47s,TRUE,
Tubes des années 2000,Justin Bieber,Baby,https://www.youtube.com/watch?v=kffacxfA7G4&t=37s,TRUE,
Tubes des années 2000,Justin Bieber,Sorry,https://www.youtube.com/watch?v=fRh_vgS2dFE&t=49s,TRUE,
Tubes des années 2000,Justin Bieber,Love Yourself,https://www.youtube.com/watch?v=oyEuk8j8imI&t=53s,TRUE,
Tubes des années 2000,Justin Timberlake,CAN'T STOP THE FEELING!,https://www.youtube.com/watch?v=ru0K8uYEZWw&t=60s,TRUE,
Tubes des années 2000,Justin Timberlake,Cry Me A River,https://www.youtube.com/watch?v=DksSPZTZES0&t=97s,TRUE,
Tubes des années 2000,Justin Timberlake,SexyBack,https://www.youtube.com/watch?v=3gOHvDP_vCs&t=34s,TRUE,
Tubes des années 2000,Kanye West,Stronger,https://www.youtube.com/watch?v=PsO6ZnUZI0g&t=38s,TRUE,
Tubes des années 2000,Kanye West,Gold Digger,https://www.youtube.com/watch?v=6vwNcNOTVzY&t=16s,TRUE,
Tubes des années 2000,Kanye West,Heartless,https://www.youtube.com/watch?v=Co0tTeuUVhU&t=29s,TRUE,
Tubes des années 2000,Katy Perry,Roar,https://www.youtube.com/watch?v=CevxZvSJLk8&t=99s,TRUE,
Tubes des années 2000,Katy Perry,Firework,https://www.youtube.com/watch?v=QGJuMBdaqIw&t=63s,TRUE,
Tubes des années 2000,Katy Perry,Dark Horse,https://www.youtube.com/watch?v=0KSOMA3QBU0&t=54s,TRUE,
Tubes des années 2000,Kesha,TiK ToK,https://www.youtube.com/watch?v=iP6XpLQM2Cs&t=17s,TRUE,
Tubes des années 2000,Kesha,Die Young,https://www.youtube.com/watch?v=NOubzHCUt48&t=46s,TRUE,
Tubes des années 2000,Kesha,We R Who We R,https://www.youtube.com/watch?v=mXvmSaE0JXA&t=49s,TRUE,
Tubes des années 2000,Lady Gaga,Bad Romance,https://www.youtube.com/watch?v=qrO4YZeyl0I&t=32s,TRUE,
Tubes des années 2000,Lady Gaga,Poker Face,https://www.youtube.com/watch?v=bESGLojNYSo&t=68s,TRUE,
Tubes des années 2000,Lady Gaga,Just Dance,https://www.youtube.com/watch?v=2Abk1jAONjw&t=57s,TRUE,
Tubes des années 2000,Lana Del Rey,Summertime Sadness,https://www.youtube.com/watch?v=TdrL3QxjyVw&t=63s,TRUE,
Tubes des années 2000,Lana Del Rey,Young and Beautiful,https://www.youtube.com/watch?v=o_1aF54DO60&t=54s,TRUE,
Tubes des années 2000,Lana Del Rey,Born To Die,https://www.youtube.com/watch?v=Bag1gUxuU0g&t=73s,TRUE,
Tubes des années 2000,Mark Ronson,Uptown Funk,https://www.youtube.com/watch?v=OPf0YbXqDm0&t=40s,TRUE,
Tubes des années 2000,Mark Ronson,Valerie,https://www.youtube.com/watch?v=bixuI_GV5I0&t=52s,TRUE,
Tubes des années 2000,Mark Ronson,Nothing Breaks Like a Heart,https://www.youtube.com/watch?v=A9hcJgtnm6Q&t=57s,TRUE,
Tubes des années 2000,Maroon 5,Moves Like Jagger,https://www.youtube.com/watch?v=iEPTlhBmwRg&t=71s,TRUE,
Tubes des années 2000,Maroon 5,She Will Be Loved,https://www.youtube.com/watch?v=nIjVuRTm-dc&t=56s,TRUE,
Tubes des années 2000,Maroon 5,Sugar,https://www.youtube.com/watch?v=09R8_2nJtjg&t=82s,TRUE,
Tubes des années 2000,Miley Cyrus,Wrecking Ball,https://www.youtube.com/watch?v=My2FRPA3Gf8&t=56s,TRUE,
Tubes des années 2000,Miley Cyrus,Party In The U.S.A.,https://www.youtube.com/watch?v=M11SvDtPBhA&t=44s,TRUE,
Tubes des années 2000,Miley Cyrus,We Can't Stop,https://www.youtube.com/watch?v=LrUvu1mlWco&t=38s,TRUE,
Tubes des années 2000,Nelly Furtado,Say It Right,https://www.youtube.com/watch?v=6JnGBs88sL0&t=52s,TRUE,
Tubes des années 2000,Nelly Furtado,Promiscuous,https://www.youtube.com/watch?v=0J3vgcE5i2o&t=27s,TRUE,
Tubes des années 2000,Nelly Furtado,Maneater,https://www.youtube.com/watch?v=PLolag3YSYU&t=54s,TRUE,
Tubes des années 2000,Nickelback,How You Remind Me,https://www.youtube.com/watch?v=Aiay8I5IPB8&t=57s,TRUE,
Tubes des années 2000,Nickelback,Rockstar,https://www.youtube.com/watch?v=DmeUuoxyt_E&t=61s,TRUE,
Tubes des années 2000,Nickelback,Far Away,https://www.youtube.com/watch?v=j4y-RzVGrHg&t=66s,TRUE,
Tubes des années 2000,OneRepublic,Counting Stars,https://www.youtube.com/watch?v=hT_nvWreIhg&t=18s,TRUE,
Tubes des années 2000,OneRepublic,Apologize,https://www.youtube.com/watch?v=-rKUT6zugJ0&t=51s,TRUE,
Tubes des années 2000,OneRepublic,Secrets,https://www.youtube.com/watch?v=qHm9MG9xw1o&t=53s,TRUE,
Tubes des années 2000,OutKast,Hey Ya!,https://www.youtube.com/watch?v=PWgvGjAhvIw&t=43s,TRUE,
Tubes des années 2000,OutKast,Ms. Jackson,https://www.youtube.com/watch?v=MYxAiK6VnXw&t=18s,TRUE,
Tubes des années 2000,OutKast,Roses,https://www.youtube.com/watch?v=gWju37TZfo0&t=64s,TRUE,
Tubes des années 2000,P!nk,So What,https://www.youtube.com/watch?v=FJfFZqTlWrQ&t=45s,TRUE,
Tubes des années 2000,P!nk,Just Give Me A Reason,https://www.youtube.com/watch?v=OpQFFLBMEPI&t=59s,TRUE,
Tubes des années 2000,P!nk,Raise Your Glass,https://www.youtube.com/watch?v=XjVNlG5cZyQ&t=48s,TRUE,
Tubes des années 2000,Pitbull,Give Me Everything,https://www.youtube.com/watch?v=EPo5wWmKEaI&t=51s,TRUE,
Tubes des années 2000,Pitbull,I Know You Want Me (Calle Ocho),https://www.youtube.com/watch?v=E2tMV96xULk&t=39s,TRUE,
Tubes des années 2000,Pitbull,Rain Over Me,https://www.youtube.com/watch?v=SmM0653YvXU&t=48s,TRUE,
Tubes des années 2000,Rihanna,Umbrella,https://www.youtube.com/watch?v=CvBfHwUxHIk&t=76s,TRUE,
Tubes des années 2000,Rihanna,Diamonds,https://www.youtube.com/watch?v=lWA2pjMjpBs&t=58s,TRUE,
Tubes des années 2000,Rihanna,Only Girl (In The World),https://www.youtube.com/watch?v=pa14VNsdSYM&t=61s,TRUE,
Tubes des années 2000,Sean Paul,Temperature,https://www.youtube.com/watch?v=dW2MmuA1nI4&t=32s,TRUE,
Tubes des années 2000,Sean Paul,Get Busy,https://www.youtube.com/watch?v=oPQ3o14ksaM&t=22s,TRUE,
Tubes des années 2000,Sean Paul,Give It Up To Me,https://www.youtube.com/watch?v=bMoNV9oWs2E&t=41s,TRUE,
Tubes des années 2000,Shakira,Hips Don't Lie,https://www.youtube.com/watch?v=DUT5rEU6pqM&t=29s,TRUE,
Tubes des années 2000,Shakira,Waka Waka (This Time for Africa),https://www.youtube.com/watch?v=pRpeEdMmmQ0&t=56s,TRUE,
Tubes des années 2000,Shakira,"Whenever, Wherever",https://www.youtube.com/watch?v=weRHyjj34ZE&t=44s,TRUE,
Tubes des années 2000,Sia,Chandelier,https://www.youtube.com/watch?v=2vjPBrBU-TM&t=58s,TRUE,
Tubes des années 2000,Sia,Cheap Thrills,https://www.youtube.com/watch?v=31crA53Dgu0&t=46s,TRUE,
Tubes des années 2000,Sia,Elastic Heart,https://www.youtube.com/watch?v=KWZGAExj-es&t=64s,TRUE,
Tubes des années 2000,Snoop Dogg,Drop It Like It's Hot,https://www.youtube.com/watch?v=GtUVQei3nX4&t=28s,TRUE,
Tubes des années 2000,Snoop Dogg,"Young, Wild and Free",https://www.youtube.com/watch?v=Wa5B22KAkEk&t=39s,TRUE,
Tubes des années 2000,Snoop Dogg,Sensual Seduction,https://www.youtube.com/watch?v=Y1PVmANeyAg&t=44s,TRUE,
Tubes des années 2000,Taylor Swift,Shake It Off,https://www.youtube.com/watch?v=nfWlot6h_JM&t=52s,TRUE,
Tubes des années 2000,Taylor Swift,Blank Space,https://www.youtube.com/watch?v=e-ORhEE9VVg&t=66s,TRUE,
Tubes des années 2000,Taylor Swift,You Belong With Me,https://www.youtube.com/watch?v=VuNIsY6JdUw&t=58s,TRUE,
Tubes des années 2000,The Black Eyed Peas,I Gotta Feeling,https://www.youtube.com/watch?v=uSD4vsh1zDA&t=31s,TRUE,
Tubes des années 2000,The Black Eyed Peas,Where Is The Love?,https://www.youtube.com/watch?v=WpYeekQkAdc&t=51s,TRUE,
Tubes des années 2000,The Black Eyed Peas,Boom Boom Pow,https://www.youtube.com/watch?v=4m48GqaOz90&t=26s,TRUE,
Tubes des années 2000,Usher,Yeah!,https://www.youtube.com/watch?v=GxBSyx85Kp8&t=26s,TRUE,
Tubes des années 2000,Usher,DJ Got Us Fallin' In Love,https://www.youtube.com/watch?v=C-dvTjK_07c&t=43s,TRUE,
Tubes des années 2000,Usher,OMG,https://www.youtube.com/watch?v=1RnPB76mjxI&t=47s,TRUE,
Variété française,Alizée,Moi... Lolita,https://www.youtube.com/watch?v=QpbHdIrtpNo&t=47s,TRUE,
Variété française,Alizée,J'en ai marre !,https://www.youtube.com/watch?v=G4LIM9VYhB0&t=51s,TRUE,
Variété française,Alizée,Gourmandises,https://www.youtube.com/watch?v=pvh-ieuM8yg&t=57s,TRUE,
Variété française,Amir,J'ai cherché,https://www.youtube.com/watch?v=kQysGibXphE&t=53s,TRUE,
Variété française,Amir,On dirait,https://www.youtube.com/watch?v=MBFQ0NK-xF8&t=47s,TRUE,
Variété française,Amir,États d'amour,https://www.youtube.com/watch?v=UKcWushnRpQ&t=56s,TRUE,
Variété française,Angèle,Balance Ton Quoi,https://www.youtube.com/watch?v=Hi7Rx3En7-k&t=62s,TRUE,
Variété française,Angèle,Tout Oublier,https://www.youtube.com/watch?v=Fy1xQSiLx8U&t=48s,TRUE,
Variété française,Angèle,La Loi de Murphy,https://www.youtube.com/watch?v=zGyThu7EAHQ&t=52s,TRUE,
Variété française,Aya Nakamura,Djadja,https://www.youtube.com/watch?v=iPGgnzc34tY&t=20s,TRUE,
Variété française,Aya Nakamura,Copines,https://www.youtube.com/watch?v=EkGiGf8utCM&t=36s,TRUE,
Variété française,Aya Nakamura,Pookie,https://www.youtube.com/watch?v=_bPa-VG0AWo&t=18s,TRUE,
Variété française,Bigflo & Oli,Dommage,https://www.youtube.com/watch?v=8AF-Sm8d8yk&t=36s,TRUE,
Variété française,Bigflo & Oli,Sur la lune,https://www.youtube.com/watch?v=wv7yHnwQMPc&t=52s,TRUE,
Variété française,Bigflo & Oli,Papa,https://www.youtube.com/watch?v=dMIPaab43Hw&t=70s,TRUE,
Variété française,Black M,Sur ma route,https://www.youtube.com/watch?v=U-Z_bZS8t3M&t=57s,TRUE,
Variété française,Black M,Mme Pavoshko,https://www.youtube.com/watch?v=zxdA9XnC120&t=68s,TRUE,
Variété française,Black M,Je ne dirai rien,https://www.youtube.com/watch?v=IMDTr8d8ZVE&t=54s,TRUE,
Variété française,Calogero,En Apesanteur,https://www.youtube.com/watch?v=jasIqn8IifQ&t=53s,TRUE,
Variété française,Calogero,Face à la mer,https://www.youtube.com/watch?v=MFhKnRLEihE&t=49s,TRUE,
Variété française,Calogero,Un Jour Au Mauvais Endroit,https://www.youtube.com/watch?v=W0xjW-e4KEg&t=69s,TRUE,
Variété française,Charles Aznavour,La bohème,https://www.youtube.com/watch?v=fVfnEyLOkrM&t=18s,TRUE,
Variété française,Charles Aznavour,Emmenez-moi,https://www.youtube.com/watch?v=0OrKMaeQUx0&t=58s,TRUE,
Variété française,Charles Aznavour,Hier encore,https://www.youtube.com/watch?v=dbxyKR1P8vA&t=12s,TRUE,
Variété française,Christophe Maé,Il est où le bonheur,https://www.youtube.com/watch?v=m5qXr9lLdwA&t=47s,TRUE,
Variété française,Christophe Maé,On s'attache,https://www.youtube.com/watch?v=rjsG_WGzgTA&t=51s,TRUE,
Variété française,Christophe Maé,"Dingue, Dingue, Dingue",https://www.youtube.com/watch?v=Rwv1djaV6Fc&t=43s,TRUE,
Variété française,Clara Luciani,La grenade,https://www.youtube.com/watch?v=85m-Qgo9_nE&t=51s,TRUE,
Variété française,Clara Luciani,Respire encore,https://www.youtube.com/watch?v=uWH00ehhLP8&t=56s,TRUE,
Variété française,Clara Luciani,Ma soeur,https://www.youtube.com/watch?v=mU63HJ3NYTM&t=61s,TRUE,
Variété française,Céline Dion,Pour que tu m'aimes encore,https://www.youtube.com/watch?v=AzaTyxMduH4&t=68s,TRUE,
Variété française,Céline Dion,Je sais pas,https://www.youtube.com/watch?v=zCsuKp9ewLY&t=72s,TRUE,
Variété française,Céline Dion,Encore un soir,https://www.youtube.com/watch?v=9bLD0tVep9M&t=65s,TRUE,
Variété française,Dadju,Reine,https://www.youtube.com/watch?v=tVKaN_H35xs&t=38s,TRUE,
Variété française,Dadju,Bob Marley,https://www.youtube.com/watch?v=hQU_pgyCL6k&t=43s,TRUE,
Variété française,Dadju,Jaloux,https://www.youtube.com/watch?v=254EHfv9RvM&t=51s,TRUE,
Variété française,Daniel Balavoine,L'Aziza,https://www.youtube.com/watch?v=O4ACXQxCgc8&t=53s,TRUE,
Variété française,Daniel Balavoine,Tous les cris les S.O.S.,https://www.youtube.com/watch?v=urWV2OjAmUQ&t=75s,TRUE,
Variété française,Daniel Balavoine,Le chanteur,https://www.youtube.com/watch?v=HXdP15Ubu6M&t=12s,TRUE,
Variété française,Florent Pagny,Savoir Aimer,https://www.youtube.com/watch?v=g-gh2hIRhkc&t=60s,TRUE,
Variété française,Florent Pagny,Ma Liberté De Penser,https://www.youtube.com/watch?v=6w5vWHqU3uM&t=52s,TRUE,
Variété française,Florent Pagny,Et Un Jour Une Femme,https://www.youtube.com/watch?v=bTUeD0KQc_c&t=71s,TRUE,
Variété française,France Gall,"Ella, elle l'a",https://www.youtube.com/watch?v=lgHGU8gqz9U&t=38s,TRUE,
Variété française,France Gall,Résiste,https://www.youtube.com/watch?v=I5mlAZkibgw&t=54s,TRUE,
Variété française,France Gall,Il jouait du piano debout,https://www.youtube.com/watch?v=7l7eXx_8DHY&t=49s,TRUE,
Variété française,Francis Cabrel,Je l'aime à mourir,https://www.youtube.com/watch?v=MzvlalfN0Es&t=40s,TRUE,
Variété française,Francis Cabrel,Petite Marie,https://www.youtube.com/watch?v=GV85QI6NjM0&t=24s,TRUE,
Variété française,Francis Cabrel,L'encre de tes yeux,https://www.youtube.com/watch?v=aKkvU_NnPhg&t=18s,TRUE,
Variété française,Gims,Bella,https://www.youtube.com/watch?v=rMltoD1jCGI&t=40s,TRUE,
Variété française,Gims,Sapés comme jamais,https://www.youtube.com/watch?v=4bPGxLxogvw&t=28s,TRUE,
Variété française,Gims,Est-ce que tu m'aimes ?,https://www.youtube.com/watch?v=6TpyRE_juyA&t=52s,TRUE,
Variété française,Grand Corps Malade,Mesdames,https://www.youtube.com/watch?v=TC7aA1WIkyQ&t=33s,TRUE,
Variété française,Grand Corps Malade,Mais je t'aime,https://www.youtube.com/watch?v=7ss-xmvLGFw&t=58s,TRUE,
Variété française,Grand Corps Malade,Nos plus belles années,https://www.youtube.com/watch?v=oVB92jV9za0&t=55s,TRUE,
Variété française,Hoshi,Ta Marinière,https://www.youtube.com/watch?v=DipEiYAyKxY&t=51s,TRUE,
Variété française,Hoshi,Amour censure,https://www.youtube.com/watch?v=nCKtYXIh1Ac&t=45s,TRUE,
Variété française,Hoshi,Comment je vais faire,https://www.youtube.com/watch?v=uqROarXJAHg&t=56s,TRUE,
Variété française,Indila,Dernière Danse,https://www.youtube.com/watch?v=K5KAc5CoCuk&t=38s,TRUE,
Variété française,Indila,Love Story,https://www.youtube.com/watch?v=DF3XjEhJ40Y&t=30s,TRUE,
Variété française,Indila,Tourner Dans Le Vide,https://www.youtube.com/watch?v=vtNJMAyeP0s&t=68s,TRUE,
Variété française,Jacques Brel,Ne me quitte pas,https://www.youtube.com/watch?v=oR_SZR_tmxM&t=20s,TRUE,
Variété française,Jacques Brel,La chanson des vieux amants,https://www.youtube.com/watch?v=dU-OD5_Dxrs&t=19s,TRUE,
Variété française,Jacques Brel,Vesoul,https://www.youtube.com/watch?v=tVKWiseNGUU&t=16s,TRUE,
Variété française,Jean-Jacques Goldman,Je te donne,https://www.youtube.com/watch?v=493R05ifNsI&t=54s,TRUE,
Variété française,Jean-Jacques Goldman,Envole-moi,https://www.youtube.com/watch?v=oltptNDHocw&t=47s,TRUE,
Variété française,Jean-Jacques Goldman,Comme toi,https://www.youtube.com/watch?v=ySZBnMukO8g&t=62s,TRUE,
Variété française,Joe Dassin,L'été indien,https://www.youtube.com/watch?v=tQb4eWCAq8c&t=63s,TRUE,
Variété française,Joe Dassin,Et si tu n'existais pas,https://www.youtube.com/watch?v=fVCAFvIq_F8&t=18s,TRUE,
Variété française,Joe Dassin,Les Champs-Elysées,https://www.youtube.com/watch?v=1JhYYUWOBBs&t=12s,TRUE,
Variété française,Johnny Hallyday,Allumer Le Feu,https://www.youtube.com/watch?v=s3O1Xro7oAI&t=64s,TRUE,
Variété française,Johnny Hallyday,Je te promets,https://www.youtube.com/watch?v=-TkrMyXYbik&t=55s,TRUE,
Variété française,Johnny Hallyday,Marie,https://www.youtube.com/watch?v=2aOLW_R9-E4&t=52s,TRUE,
Variété française,Julien Doré,Le lac,https://www.youtube.com/watch?v=9UXSWGsjAUQ&t=66s,TRUE,
Variété française,Julien Doré,Coco Câline,https://www.youtube.com/watch?v=Zqn41lMIGg8&t=54s,TRUE,
Variété française,Julien Doré,Paris-Seychelles,https://www.youtube.com/watch?v=cmE_aahc448&t=59s,TRUE,
Variété française,Kendji Girac,Andalouse,https://www.youtube.com/watch?v=FndmvPkI1Ms&t=27s,TRUE,
Variété française,Kendji Girac,Color Gitano,https://www.youtube.com/watch?v=63K5VMx2BZM&t=42s,TRUE,
Variété française,Kendji Girac,Conmigo,https://www.youtube.com/watch?v=7uG6E6bVKU0&t=36s,TRUE,
Variété française,Lomepal,Trop beau,https://www.youtube.com/watch?v=Bkm03KcnKHE&t=50s,TRUE,
Variété française,Lomepal,Yeux disent,https://www.youtube.com/watch?v=FmUDe7P0fzg&t=45s,TRUE,
Variété française,Lomepal,1000°C,https://www.youtube.com/watch?v=iXp9xuNi0mU&t=31s,TRUE,
Variété française,Louane,Avenir,https://www.youtube.com/watch?v=niyGWxVE-e4&t=58s,TRUE,
Variété française,Louane,Jour 1,https://www.youtube.com/watch?v=yleB8fUXudw&t=55s,TRUE,
Variété française,Louane,Si t'étais là,https://www.youtube.com/watch?v=yo-CCYzm_SQ&t=50s,TRUE,
Variété française,Louise Attaque,J't'emmène au vent,https://www.youtube.com/watch?v=BRTDC9Z5UdE&t=37s,TRUE,
Variété française,Louise Attaque,Ton invitation,https://www.youtube.com/watch?v=ApWnXUavKOc&t=21s,TRUE,
Variété française,Louise Attaque,Léa,https://www.youtube.com/watch?v=Wt6eHMIhVxI&t=26s,TRUE,
Variété française,M. Pokora,Belinda,https://www.youtube.com/watch?v=H93wmV82FwE&t=41s,TRUE,
Variété française,M. Pokora,Juste un instant,https://www.youtube.com/watch?v=IJ-uPxVYsbA&t=57s,TRUE,
Variété française,M. Pokora,Cette année là,https://www.youtube.com/watch?v=6SgnOYK9HuI&t=29s,TRUE,
Variété française,Michel Sardou,Les lacs du Connemara,https://www.youtube.com/watch?v=bpEmjxobvbY&t=82s,TRUE,
Variété française,Michel Sardou,La maladie d'amour,https://www.youtube.com/watch?v=6YJ_V5V9Zek&t=38s,TRUE,
Variété française,Michel Sardou,En chantant,https://www.youtube.com/watch?v=CHp4Z8xZpsM&t=48s,TRUE,
Variété française,Mylène Farmer,California,https://www.youtube.com/watch?v=JAS2XAvINtc&t=74s,TRUE,
Variété française,Mylène Farmer,Appelle mon numéro,https://www.youtube.com/watch?v=fdqn6JekZwc&t=59s,TRUE,
Variété française,Mylène Farmer,C'est une belle journée,https://www.youtube.com/watch?v=huZTRymyfpU&t=55s,TRUE,
Variété française,Nekfeu,On Verra,https://www.youtube.com/watch?v=YltjliK0ZeA&t=46s,TRUE,
Variété française,Nekfeu,Ma dope,https://www.youtube.com/watch?v=Z68u6dJqoI0&t=35s,TRUE,
Variété française,Nekfeu,Egérie,https://www.youtube.com/watch?v=yEyTe-QzyfQ&t=44s,TRUE,
Variété française,Orelsan,Basique,https://www.youtube.com/watch?v=2bjk26RwjyU&t=22s,TRUE,
Variété française,Orelsan,La pluie,https://www.youtube.com/watch?v=37StRy0LEbI&t=32s,TRUE,
Variété française,Orelsan,Défaite de famille,https://www.youtube.com/watch?v=wRQEfN8PGYI&t=42s,TRUE,
Variété française,Renaud,Mistral gagnant,https://www.youtube.com/watch?v=_YqzuE-5RE8&t=15s,TRUE,
Variété française,Renaud,Manhattan Kaboul,https://www.youtube.com/watch?v=0qeV8PDBH8E&t=52s,TRUE,
Variété française,Renaud,Les Bobos,https://www.youtube.com/watch?v=LZzR7-apnKA&t=38s,TRUE,
Variété française,Sexion d'Assaut,Désolé,https://www.youtube.com/watch?v=NLAbYWKwrfk&t=43s,TRUE,
Variété française,Sexion d'Assaut,Avant qu'elle parte,https://www.youtube.com/watch?v=lN2ozTZNJC0&t=54s,TRUE,
Variété française,Sexion d'Assaut,Ma direction,https://www.youtube.com/watch?v=Y7-vP7TnluY&t=48s,TRUE,
Variété française,Slimane,Paname,https://www.youtube.com/watch?v=Xs90a3K9aIU&t=42s,TRUE,
Variété française,Slimane,Adieu,https://www.youtube.com/watch?v=fBZ0SAs8m_Q&t=62s,TRUE,
Variété française,Slimane,Des milliers de je t'aime,https://www.youtube.com/watch?v=LZRnvEEgAW0&t=52s,TRUE,
Variété française,Soprano,Cosmo,https://www.youtube.com/watch?v=3-IUHJdiE5Q&t=54s,TRUE,
Variété française,Soprano,Clown,https://www.youtube.com/watch?v=k1niwMJLFP4&t=64s,TRUE,
Variété française,Soprano,Roule,https://www.youtube.com/watch?v=ne9Qa1x8_rE&t=58s,TRUE,
Variété française,Stromae,Papaoutai,https://www.youtube.com/watch?v=oiKj0Z_Xnjc&t=55s,TRUE,
Variété française,Stromae,Alors on danse,https://www.youtube.com/watch?v=VHoT4N43jK8&t=14s,TRUE,
Variété française,Stromae,Formidable,https://www.youtube.com/watch?v=S_xH7noaqTA&t=24s,TRUE,
Variété française,Vanessa Paradis,Joe Le Taxi,https://www.youtube.com/watch?v=Ulay2FvUEd8&t=26s,TRUE,
Variété française,Vanessa Paradis,La seine,https://www.youtube.com/watch?v=9Z-NbQvhzKM&t=40s,TRUE,
Variété française,Vanessa Paradis,Divine Idylle,https://www.youtube.com/watch?v=3R_6sP_6VWE&t=43s,TRUE,
Variété française,Vianney,Je m'en vais,https://www.youtube.com/watch?v=eLYyCFuPCX8&t=33s,TRUE,
Variété française,Vianney,Pas là,https://www.youtube.com/watch?v=nBI0bDH8W28&t=44s,TRUE,
Variété française,Vianney,Moi aimer toi,https://www.youtube.com/watch?v=wmCeAmBpWoY&t=46s,TRUE,
Variété française,Vitaa,Ça va ça vient,https://www.youtube.com/watch?v=Wz86pFtHZqI&t=46s,TRUE,
Variété française,Vitaa,Avant toi,https://www.youtube.com/watch?v=d6BzCEkGd3I&t=57s,TRUE,
Variété française,Vitaa,Je te le donne,https://www.youtube.com/watch?v=yH-6SoFYkLg&t=63s,TRUE,
Variété française,Zaz,Je veux,https://www.youtube.com/watch?v=0TFNGRYMz1U&t=17s,TRUE,
Variété française,Zaz,On ira,https://www.youtube.com/watch?v=8IjWHBGzsu4&t=46s,TRUE,
Variété française,Zaz,Eblouie par la nuit,https://www.youtube.com/watch?v=KDcgOpUp2nc&t=23s,TRUE,
Variété française,Édith Piaf,"Non, je ne regrette rien",https://www.youtube.com/watch?v=4r454dad7tc&t=14s,TRUE,
Variété française,Édith Piaf,La Vie En Rose,https://www.youtube.com/watch?v=qPU8mENUBXk&t=28s,TRUE,
Variété française,Édith Piaf,Hymne à l'amour,https://www.youtube.com/watch?v=sgBldNsK-xw&t=24s,TRUE,
